record_id,source_file,source_stem,run_timestamp,Name,dp_index,P27,P46,P47,P50,P51,P52,P39,P40,P45,P56,P59,P60,P61,P62,P66,P67,P68,P69,P70,P71,P72,P73,P74,P75,P76,P77,P78,P79,P80,P81,P82,P83,P84,P85,P86,P87,P88,P89,P90,P91
1,calc1.csv,calc1,07/18/2024 10:57:36,DP 0,0,1.05,5,1000,4.933439611946806e-06,8.502289077828646e-08,750.0,1.480809000000001e-07,-2.714167925858e-06,0.0,7.146289e-11,0.0,-2.566015562968e-06,3.378089952e-07,-2.228206567768e-06,0.21,749.97653,2.7140855e-06,-8.2425858e-11,4.2310748e-09,-1.0962968e-11,1.05,2.5660046e-06,1.05,-3.4204007e-07,0.0023321581,0.1057769,749.98306,0.96999999,749.98659,749.98187,0.002448766005,0.21,0.96999999,0.030000012,0.20999994,0.96999998,0.030000024,1.0,35.571427,91.891251
2,calc1.csv,calc1,07/18/2024 10:57:36,DP 1,1,1.03,5,1000,4.933439611946806e-06,8.502289077828646e-08,750.0,0.00110377158,0.00029876023936,2.9999999999752447e-06,1.4043329000000004e-07,2.899999999916858e-06,0.0014085722526498,0.002359950513,0.0037685227656498,0.20998881,750.0115,-0.00029891962,-1.5938064e-07,4.7958187e-05,-1.894735e-08,1.0300001,-0.0014026912,1.030003,-0.0024079087,11.685294,0.10586107,750.02798,0.96985782,750.03214,750.01978,12.03585282,0.20998881,0.96985782,0.030142182,0.2097176,0.96971609,0.030283907,0.9809523809523808,35.575113,91.911292
3,calc1.csv,calc1,07/18/2024 10:57:36,DP 2,2,1.0,5,1000,4.933439611946806e-06,8.502289077828646e-08,750.0,0.0029291665999999,0.00079351550274,7.899999999949614e-06,3.73241512e-07,7.700000000054885e-06,0.003738655344252,0.0055790972,0.009317752544252,0.20997026,750.08593,-0.0007939391,-4.2359726e-07,0.0001275207,-5.0355748e-08,1.0000002,-0.0037231057,1.0000079,-0.0057066179,31.061665,0.10604046,750.1236,0.96962204,750.13913,750.09116,31.061665,0.20997026,0.96962204,0.030377959,0.20924908,0.96924525,0.030754747,0.9523809523809524,35.578047,91.947076
4,calc1.csv,calc1,07/18/2024 10:57:36,DP 3,3,0.95,5,1000,4.933439611946806e-06,8.502289077828646e-08,750.0,0.0064742904,0.00175781055308,1.7470000000074926e-05,8.2856322e-07,1.7040000000023703e-05,0.0082674395163001,0.0100916015699999,0.0183590410863001,0.20993397,750.27977,-0.0017587509,-9.4034692e-07,0.00028329843,-1.117837e-07,0.95000043,-0.0082330413,0.95001747,-0.0103749,68.957569,0.10650879,750.37259,0.96916091,750.41774,750.27637,65.50969055,0.20993397,0.96916091,0.030839089,0.20833149,0.96832414,0.031675863,0.9047619047619048,35.587594,92.024526
5,calc1.csv,calc1,07/18/2024 10:57:36,DP 4,4,0.9,5,1000,4.933439611946806e-06,8.502289077828646e-08,750.0,0.0106460419,0.0029004803501,2.892999999992707e-05,1.37169218e-06,2.8209999999972976e-05,0.0136050339422798,0.01366337608,0.0272684100222799,0.20989068,750.57809,-0.0029020371,-1.5567499e-06,0.00046950692,-1.8505772e-07,0.90000072,-0.013548079,0.90002893,-0.014132883,114.16148,0.10723294,750.75575,0.96861085,750.84655,750.56129,102.745332,0.20989068,0.96861085,0.031389148,0.20723376,0.96722468,0.03277532,0.8571428571428572,35.600709,92.127272
6,calc1.csv,calc1,07/18/2024 10:57:36,DP 5,5,0.85,5,1000,4.933439611946806e-06,8.502289077828646e-08,750.0,0.0153724584999999,0.0042087470765,4.219000000005302e-05,1.99964766e-06,4.113999999999506e-05,0.01966653522416,0.01651714032,0.03618367554416,0.20984062,750.9988,-0.0042110165,-2.2694235e-06,0.00068546568,-2.6977584e-07,0.85000105,-0.019583475,0.85004219,-0.017202606,166.4254,0.10826127,751.29609,0.96797488,751.45142,750.96291,141.46159,0.20984062,0.96797488,0.03202512,0.20595898,0.96595213,0.034047866,0.8095238095238095,35.622351,92.257744
7,calc1.csv,calc1,07/18/2024 10:57:36,DP 6,6,0.8,5,1000,4.933439611946806e-06,8.502289077828646e-08,750.0,0.0205689916999999,0.0056684869199,5.719999999997949e-05,2.70979726e-06,5.578000000006078e-05,0.02635316841716,0.01886951553,0.04522268394716,0.209784,751.55952,-0.0056715623,-3.0753801e-06,0.00093073447,-3.6558284e-07,0.80000142,-0.026240554,0.8000572,-0.01980025,225.53033,0.10964477,752.01619,0.96725566,752.25789,751.49782,180.424264,0.209784,0.96725566,0.032744341,0.2045089,0.96451074,0.035489263,0.7619047619047618,35.649286,92.418353
8,calc1.csv,calc1,07/18/2024 10:57:36,DP 7,7,0.75,5,1000,4.933439611946806e-06,8.502289077828646e-08,750.0,0.0261758350999999,0.0072748208881,7.400999999995773e-05,3.5051298700000003e-06,7.217999999997726e-05,0.0336003511179699,0.0208927319,0.0544930830179699,0.20972058,752.28088,-0.0072787989,-3.9780119e-06,0.0012069591,-4.7288203e-07,0.75000183,-0.033454634,0.75007401,-0.022099691,291.72497,0.11144664,752.94253,0.96645016,753.29597,752.18538,218.7937275,0.20972058,0.96645016,0.033549842,0.20287295,0.96289298,0.037107018,0.7142857142857143,35.686008,92.612551
9,calc1.csv,calc1,07/18/2024 10:57:36,DP 8,8,0.7,5,1000,4.933439611946806e-06,8.502289077828646e-08,750.0,,,,,,,,,,,,,,,,,,,,,,,,,,,,,,,,,,
10,calc1.csv,calc1,07/18/2024 10:57:36,DP 9,9,0.65,5,1000,4.933439611946806e-06,8.502289077828646e-08,750.0,0.038550172,0.010974018608,0.0001142199999999,5.40517302e-06,0.0001113899999999,0.0497552057810198,0.0244487038,0.0742039095810198,0.20956903,754.32578,-0.010980153,-6.134392e-06,0.0018746322,-7.2921898e-07,0.65000283,-0.049530325,0.65011422,-0.026323336,449.8641,0.11669114,755.56805,0.96452578,756.24212,754.13085,292.411665,0.20956903,0.96452578,0.035474215,0.19890819,0.95901053,0.040989466,0.619047619047619,35.786731,93.125599
11,calc1.csv,calc1,07/18/2024 10:57:36,DP 10,10,0.6,5,1000,4.933439611946806e-06,8.502289077828646e-08,750.0,0.04536928,0.0131322375749,0.0001388199999999,6.56652673e-06,0.0001353799999999,0.0587822841016298,0.0261810974,0.0849633815016298,0.20947638,755.74515,-0.01313969,-7.4524251e-06,0.0022888266,-8.8589837e-07,0.60000344,-0.05850897,0.60013882,-0.028469924,546.52332,0.12045301,757.39021,0.96334953,758.29026,755.47819,327.913992,0.20947638,0.96334953,0.03665047,0.19644268,0.95662383,0.043376169,0.5714285714285714,35.861183,93.464912
12,calc1.csv,calc1,07/18/2024 10:57:36,DP 11,11,0.55,5,1000,4.933439611946806e-06,8.502289077828646e-08,750.0,0.052713844,0.0155828355039,0.0001679599999999,7.9402667e-06,0.0001638,0.0686363797706,0.0280197956,0.0966561753706,0.20936675,757.53868,-0.015591847,-9.0114961e-06,0.0027852474,-1.0712294e-06,0.55000416,-0.068305691,0.55016796,-0.030805043,660.85884,0.12535292,759.69242,0.96195816,760.88203,757.17721,363.472362,0.20936675,0.96195816,0.038041845,0.19348368,0.95378659,0.046213407,0.5238095238095238,35.955673,93.88347
13,calc1.csv,calc1,07/18/2024 10:57:36,DP 12,12,0.5,5,1000,4.933439611946806e-06,8.502289077828646e-08,750.0,0.0607466839999999,0.018453581985,0.0002039099999999,9.6324863e-06,0.0001988699999999,0.0796126784712999,0.0301117873,0.1097244657712999,0.20923166,759.86156,-0.018464514,-1.0932015e-05,0.0034068017,-1.2995287e-06,0.50000504,-0.079211198,0.50020391,-0.033518589,801.69976,0.13194874,762.67364,0.9602442,764.24487,759.37199,400.84988,0.20923166,0.9602442,0.039755797,0.18977519,0.95027065,0.049729347,0.4761904761904761,36.078424,94.415788
14,calc1.csv,calc1,07/18/2024 10:57:36,DP 13,13,0.4,5,1000,4.933439611946806e-06,8.502289077828646e-08,750.0,0.080519524,0.026826151165,0.0003218399999999,1.5159632e-05,0.0003139099999999,0.1079965847969999,0.0365250067,0.1445215914969999,0.20879013,767.75567,-0.026843356,-1.7204835e-05,0.0055159053,-2.045203e-06,0.40000793,-0.10736288,0.40032184,-0.042040912,1261.7138,0.15660396,772.80213,0.95464588,775.72386,766.78637,504.68552,0.20879013,0.95464588,0.045354125,0.17720451,0.93863929,0.061360714,0.3809523809523809,36.49621,96.195548
15,calc1.csv,calc1,07/18/2024 10:57:36,DP 14,14,0.3,5,1000,4.933439611946806e-06,8.502289077828646e-08,750.0,0.03394266,0.18026899916,0.00784505,0.0002418179319999,0.00771853,0.230017057092,0.3232196599999999,0.553236717092,0.19025866,1002.8957,-0.18054344,-0.00027444084,0.16356501,-3.2622908e-05,0.30012652,-0.2144861,0.30784505,-0.48678467,20125.538,6.1964382,1085.9781,0.72502225,1124.9022,1002.0647,6037.6614,0.19025866,0.72502225,0.27497775,0.085346733,0.53446346,0.46553654,0.2857142857142857,48.307712,158.04929
16,j-cell-40x40-xchem2t-dp-params-3.csv,j-cell-40x40-xchem2t-dp-params-3,07/18/2024 10:52:40,DP 0,0,1.05,5,1000,4.933439611946806e-06,8.502289077828646e-08,750.0,1.7157240000000004e-07,-3.145292031277e-06,0.0,7.3225122e-11,0.0,-2.973646406155e-06,3.914611518e-07,-2.582185254355e-06,0.21,749.97653,3.1452076e-06,-8.4431277e-11,4.8522582e-09,-1.1206155e-11,1.05,2.9736352e-06,1.05,-3.9631341e-07,0.0025574064,0.1057769,749.98306,0.96999999,749.98659,749.98187,0.00268527672,0.21,0.96999999,0.030000014,0.20999992,0.96999997,0.030000028,1.0,35.571431,91.891251
17,j-cell-40x40-xchem2t-dp-params-3.csv,j-cell-40x40-xchem2t-dp-params-3,07/18/2024 10:52:40,DP 1,1,1.03,5,1000,4.933439611946806e-06,8.502289077828646e-08,750.0,0.00110377158,0.00029876023936,2.9999999999752447e-06,1.4043329000000004e-07,2.899999999916858e-06,0.0014085722526498,0.002359950513,0.0037685227656498,0.20998881,750.0115,-0.00029891962,-1.5938064e-07,4.7958187e-05,-1.894735e-08,1.0300001,-0.0014026912,1.030003,-0.0024079087,11.685294,0.10586107,750.02798,0.96985782,750.03214,750.01978,12.03585282,0.20998881,0.96985782,0.030142182,0.2097176,0.96971609,0.030283907,0.9809523809523808,35.575113,91.911292
18,j-cell-40x40-xchem2t-dp-params-3.csv,j-cell-40x40-xchem2t-dp-params-3,07/18/2024 10:52:40,DP 2,2,1.0,5,1000,4.933439611946806e-06,8.502289077828646e-08,750.0,0.0029291665999999,0.00079351550256,7.899999999949614e-06,3.73241682e-07,7.700000000054885e-06,0.003738655344242,0.0055790972,0.009317752544242,0.20997026,750.08593,-0.0007939391,-4.2359744e-07,0.0001275207,-5.0355758e-08,1.0000002,-0.0037231057,1.0000079,-0.0057066179,31.061668,0.10604046,750.1236,0.96962204,750.13913,750.09116,31.061668,0.20997026,0.96962204,0.030377959,0.20924908,0.96924525,0.030754747,0.9523809523809524,35.578047,91.947076
19,j-cell-40x40-xchem2t-dp-params-3.csv,j-cell-40x40-xchem2t-dp-params-3,07/18/2024 10:52:40,DP 3,3,0.95,5,1000,4.933439611946806e-06,8.502289077828646e-08,750.0,0.0064742904,0.00175781055308,1.7470000000074926e-05,8.2856322e-07,1.7040000000023703e-05,0.0082674395163001,0.0100916015699999,0.0183590410863001,0.20993397,750.27977,-0.0017587509,-9.4034692e-07,0.00028329843,-1.117837e-07,0.95000043,-0.0082330413,0.95001747,-0.0103749,68.957569,0.10650879,750.37259,0.96916091,750.41774,750.27637,65.50969055,0.20993397,0.96916091,0.030839089,0.20833149,0.96832414,0.031675863,0.9047619047619048,35.587594,92.024526
20,j-cell-40x40-xchem2t-dp-params-3.csv,j-cell-40x40-xchem2t-dp-params-3,07/18/2024 10:52:40,DP 4,4,0.9,5,1000,4.933439611946806e-06,8.502289077828646e-08,750.0,0.0106460419,0.0029004803501,2.892999999992707e-05,1.37169218e-06,2.8209999999972976e-05,0.0136050339422798,0.01366337608,0.0272684100222799,0.20989068,750.57809,-0.0029020371,-1.5567499e-06,0.00046950692,-1.8505772e-07,0.90000072,-0.013548079,0.90002893,-0.014132883,114.16148,0.10723294,750.75575,0.96861085,750.84655,750.56129,102.745332,0.20989068,0.96861085,0.031389148,0.20723376,0.96722468,0.03277532,0.8571428571428572,35.600709,92.127272
21,j-cell-40x40-xchem2t-dp-params-3.csv,j-cell-40x40-xchem2t-dp-params-3,07/18/2024 10:52:40,DP 5,5,0.85,5,1000,4.933439611946806e-06,8.502289077828646e-08,750.0,0.0153724584999999,0.0042087470765,4.219000000005302e-05,1.99964766e-06,4.113999999999506e-05,0.01966653522416,0.01651714032,0.03618367554416,0.20984062,750.9988,-0.0042110165,-2.2694235e-06,0.00068546568,-2.6977584e-07,0.85000105,-0.019583475,0.85004219,-0.017202606,166.4254,0.10826127,751.29609,0.96797488,751.45142,750.96291,141.46159,0.20984062,0.96797488,0.03202512,0.20595898,0.96595213,0.034047866,0.8095238095238095,35.622351,92.257744
22,j-cell-40x40-xchem2t-dp-params-3.csv,j-cell-40x40-xchem2t-dp-params-3,07/18/2024 10:52:40,DP 6,6,0.8,5,1000,4.933439611946806e-06,8.502289077828646e-08,750.0,0.0205689916999999,0.0056684869199,5.719999999997949e-05,2.70979726e-06,5.578000000006078e-05,0.02635316841716,0.01886951553,0.04522268394716,0.209784,751.55952,-0.0056715623,-3.0753801e-06,0.00093073447,-3.6558284e-07,0.80000142,-0.026240554,0.8000572,-0.01980025,225.53033,0.10964477,752.01619,0.96725566,752.25789,751.49782,180.424264,0.209784,0.96725566,0.032744341,0.2045089,0.96451074,0.035489263,0.7619047619047618,35.649286,92.418353
23,j-cell-40x40-xchem2t-dp-params-3.csv,j-cell-40x40-xchem2t-dp-params-3,07/18/2024 10:52:40,DP 7,7,0.75,5,1000,4.933439611946806e-06,8.502289077828646e-08,750.0,0.0261758350999999,0.0072748208881,7.400999999995773e-05,3.5051298700000003e-06,7.217999999997726e-05,0.0336003511179699,0.0208927319,0.0544930830179699,0.20972058,752.28088,-0.0072787989,-3.9780119e-06,0.0012069591,-4.7288203e-07,0.75000183,-0.033454634,0.75007401,-0.022099691,291.72497,0.11144664,752.94253,0.96645016,753.29597,752.18538,218.7937275,0.20972058,0.96645016,0.033549842,0.20287295,0.96289298,0.037107018,0.7142857142857143,35.686008,92.612551
24,j-cell-40x40-xchem2t-dp-params-3.csv,j-cell-40x40-xchem2t-dp-params-3,07/18/2024 10:52:40,DP 8,8,0.7,5,1000,4.933439611946806e-06,8.502289077828646e-08,750.0,0.0321669538999999,0.0090356953773,9.287000000002264e-05,4.396574819999999e-06,9.057000000001204e-05,0.04139048585212,0.0227176285999999,0.06410811445212,0.20964949,753.19013,-0.0090406851,-4.9897227e-06,0.0015187564,-5.9314788e-07,0.7000023,-0.041207639,0.70009287,-0.024236385,365.9189,0.11375349,754.11007,0.96554731,754.60537,753.05111,256.14323,0.20964949,0.96554731,0.034452691,0.20102305,0.96107475,0.038925251,0.6666666666666666,35.732884,92.845623
25,j-cell-40x40-xchem2t-dp-params-3.csv,j-cell-40x40-xchem2t-dp-params-3,07/18/2024 10:52:40,DP 9,9,0.65,5,1000,4.933439611946806e-06,8.502289077828646e-08,750.0,0.038550172,0.010974018608,0.0001142199999999,5.40517302e-06,0.0001113899999999,0.0497552057810198,0.0244487038,0.0742039095810198,0.20956903,754.32578,-0.010980153,-6.134392e-06,0.0018746322,-7.2921898e-07,0.65000283,-0.049530325,0.65011422,-0.026323336,449.8641,0.11669114,755.56805,0.96452578,756.24212,754.13085,292.411665,0.20956903,0.96452578,0.035474215,0.19890819,0.95901053,0.040989466,0.619047619047619,35.786731,93.125599
26,j-cell-40x40-xchem2t-dp-params-3.csv,j-cell-40x40-xchem2t-dp-params-3,07/18/2024 10:52:40,DP 10,10,0.6,5,1000,4.933439611946806e-06,8.502289077828646e-08,750.0,0.04536928,0.0131322375749,0.0001388199999999,6.56652673e-06,0.0001353799999999,0.0587822841016298,0.0261810974,0.0849633815016298,0.20947638,755.74515,-0.01313969,-7.4524251e-06,0.0022888266,-8.8589837e-07,0.60000344,-0.05850897,0.60013882,-0.028469924,546.52332,0.12045301,757.39021,0.96334953,758.29026,755.47819,327.913992,0.20947638,0.96334953,0.03665047,0.19644268,0.95662383,0.043376169,0.5714285714285714,35.861183,93.464912
27,j-cell-40x40-xchem2t-dp-params-3.csv,j-cell-40x40-xchem2t-dp-params-3,07/18/2024 10:52:40,DP 11,11,0.55,5,1000,4.933439611946806e-06,8.502289077828646e-08,750.0,0.052713844,0.0155828355039,0.0001679599999999,7.9402667e-06,0.0001638,0.0686363797706,0.0280197956,0.0966561753706,0.20936675,757.53868,-0.015591847,-9.0114961e-06,0.0027852474,-1.0712294e-06,0.55000416,-0.068305691,0.55016796,-0.030805043,660.85884,0.12535292,759.69242,0.96195816,760.88203,757.17721,363.472362,0.20936675,0.96195816,0.038041845,0.19348368,0.95378659,0.046213407,0.5238095238095238,35.955673,93.88347
28,j-cell-40x40-xchem2t-dp-params-3.csv,j-cell-40x40-xchem2t-dp-params-3,07/18/2024 10:52:40,DP 12,12,0.5,5,1000,4.933439611946806e-06,8.502289077828646e-08,750.0,0.0607466839999999,0.018453581985,0.0002039099999999,9.6324863e-06,0.0001988699999999,0.0796126784712999,0.0301117873,0.1097244657712999,0.20923166,759.86156,-0.018464514,-1.0932015e-05,0.0034068017,-1.2995287e-06,0.50000504,-0.079211198,0.50020391,-0.033518589,801.69976,0.13194874,762.67364,0.9602442,764.24487,759.37199,400.84988,0.20923166,0.9602442,0.039755797,0.18977519,0.95027065,0.049729347,0.4761904761904761,36.078424,94.415788
29,j-cell-40x40-xchem2t-dp-params-3.csv,j-cell-40x40-xchem2t-dp-params-3,07/18/2024 10:52:40,DP 13,13,0.4,5,1000,4.933439611946806e-06,8.502289077828646e-08,750.0,0.080519524,0.026826151165,0.0003218399999999,1.5159632e-05,0.0003139099999999,0.1079965847969999,0.0365250067,0.1445215914969999,0.20879013,767.75567,-0.026843356,-1.7204835e-05,0.0055159053,-2.045203e-06,0.40000793,-0.10736288,0.40032184,-0.042040912,1261.7138,0.15660396,772.80213,0.95464588,775.72386,766.78637,504.68552,0.20879013,0.95464588,0.045354125,0.17720451,0.93863929,0.061360714,0.3809523809523809,36.49621,96.195548
30,j-cell-40x40-xchem2t-dp-params-3.csv,j-cell-40x40-xchem2t-dp-params-3,07/18/2024 10:52:40,DP 14,14,0.3,5,1000,4.933439611946806e-06,8.502289077828646e-08,750.0,0.03394266,0.18026899916,0.00784505,0.0002418179319999,0.00771853,0.230017057092,0.3232196599999999,0.553236717092,0.19025866,1002.8957,-0.18054344,-0.00027444084,0.16356501,-3.2622908e-05,0.30012652,-0.2144861,0.30784505,-0.48678467,20125.538,6.1964382,1085.9781,0.72502225,1124.9022,1002.0647,6037.6614,0.19025866,0.72502225,0.27497775,0.085346733,0.53446346,0.46553654,0.2857142857142857,48.307712,158.04929
31,j-cell-40x40-xchem2t-dp-params-4.csv,j-cell-40x40-xchem2t-dp-params-4,07/19/2024 09:19:35,DP 0,0,1.05,10,1000,9.866879223893613e-06,8.502289077828646e-08,700.0,2.1309159999999973e-07,-4.225443492792e-06,0.0,1.46292355e-11,0.0,-4.0123372635565e-06,1.683446106e-07,-3.8439926529565e-06,0.21,699.91544,4.2254268e-06,-1.6692792e-11,2.3817694e-09,-2.0635565e-12,1.05,4.0123352e-06,1.05,-1.7072638e-07,0.00091955437,0.040823021,699.94826,0.96999999,699.95952,699.94394,0.0009655320885,0.21,0.96999999,0.030000008,0.20999994,0.96999999,0.030000015,1.0,81.166,85.763396
32,j-cell-40x40-xchem2t-dp-params-4.csv,j-cell-40x40-xchem2t-dp-params-4,07/19/2024 09:19:35,DP 1,1,1.03,10,1000,9.866879223893613e-06,8.502289077828646e-08,700.0,0.00099938511,0.000169782099534,9.999999999177332e-07,4.9069274500000004e-08,9.999999999177332e-07,0.0011712162788083,0.000762338362,0.0019335546408083,0.20999805,699.92201,-0.00016983779,-5.5690466e-08,1.4587158e-05,-6.6211915e-09,1.03,-0.0011692229,1.030001,-0.00077692552,4.0813354,0.040832344,699.95943,0.96995034,699.96756,699.95647,4.203775462,0.20999805,0.96995034,0.030049655,0.20990056,0.96989906,0.03010094,0.980952380952381,81.168565,85.769512
33,j-cell-40x40-xchem2t-dp-params-4.csv,j-cell-40x40-xchem2t-dp-params-4,07/19/2024 09:19:35,DP 2,2,1.0,10,1000,9.866879223893613e-06,8.502289077828646e-08,700.0,0.0025495759,0.00043321183256,2.5999999999637424e-06,1.25178318e-07,2.499999999905356e-06,0.0029880129108778,0.001810942747,0.0047989556578778,0.20999501,699.93521,-0.0004333539,-1.4206744e-07,3.7231653e-05,-1.6889122e-08,1.0000001,-0.0029829298,1.0000026,-0.0018481744,10.415888,0.040851097,699.98191,0.96987326,699.98374,699.98078,10.415888,0.20999501,0.96987326,0.030126736,0.20974615,0.96974236,0.030257638,0.9523809523809522,81.170184,85.779625
34,j-cell-40x40-xchem2t-dp-params-4.csv,j-cell-40x40-xchem2t-dp-params-4,07/19/2024 09:19:35,DP 3,3,0.95,10,1000,9.866879223893613e-06,8.502289077828646e-08,700.0,0.0052591374899999,0.00089398638885,5.440000000023204e-06,2.58451966e-07,5.299999999985872e-06,0.006164122330816,0.003329801,0.009493923330816,0.2099897,699.96664,-0.00089427971,-2.9332115e-07,7.68888e-05,-3.4869184e-08,0.95000014,-0.0061534172,0.95000544,-0.0034066898,21.5082,0.04089574,700.03537,0.96973829,700.04324,700.01996,20.43279,0.2099897,0.96973829,0.030261711,0.2094756,0.96946794,0.030532065,0.9047619047619044,81.174524,85.799041
35,j-cell-40x40-xchem2t-dp-params-4.csv,j-cell-40x40-xchem2t-dp-params-4,07/19/2024 09:19:35,DP 4,4,0.9,10,1000,9.866879223893613e-06,8.502289077828646e-08,700.0,0.008105514,0.00137867766035,8.400000000019503e-06,3.98919839e-07,8.190000000074527e-06,0.009501180580189,0.00460803603,0.014109216610189,0.20998411,700.01046,-0.0013791304,-4.5273965e-07,0.00011869837,-5.3819811e-08,0.90000021,-0.0094846444,0.9000084,-0.0047267344,33.199215,0.040958104,700.10996,0.96959603,700.12823,700.0729,29.879293500000003,0.20998411,0.96959603,0.03040397,0.20919015,0.96917862,0.030821377,0.8571428571428571,81.180941,85.82171
36,j-cell-40x40-xchem2t-dp-params-4.csv,j-cell-40x40-xchem2t-dp-params-4,07/19/2024 09:19:35,DP 5,5,0.85,10,1000,9.866879223893613e-06,8.502289077828646e-08,700.0,0.0110659538,0.00188374889488,1.1500000000053134e-05,5.45685097e-07,1.1210000000039244e-05,0.012972958379977,0.00569538097,0.018668339349977,0.20997826,700.06732,-0.0018843682,-6.1930512e-07,0.00016240183,-7.3620023e-08,0.85000029,-0.012950322,0.8500115,-0.0058577828,45.414305,0.041039135,700.20673,0.96944739,700.2385,700.14157,38.60215925,0.20997826,0.96944739,0.030552607,0.2088915,0.96887623,0.03112377,0.8095238095238095,81.189657,85.84767
37,j-cell-40x40-xchem2t-dp-params-4.csv,j-cell-40x40-xchem2t-dp-params-4,07/19/2024 09:19:35,DP 6,6,0.8,10,1000,9.866879223893613e-06,8.502289077828646e-08,700.0,0.0141220409,0.00240643283534,1.4709999999973356e-05,6.98084358e-07,1.4340000000001574e-05,0.0165582218196979,0.00663311704,0.0231913388596979,0.20997219,700.13777,-0.0024072251,-7.9226466e-07,0.00020781136,-9.4180302e-08,0.80000037,-0.016529266,0.80001471,-0.0068409284,58.098316,0.041139727,700.32662,0.96929305,700.37514,700.22664,46.4786528,0.20997219,0.96929305,0.030706951,0.20858089,0.96856207,0.031437925,0.761904761904762,81.200592,85.876972
38,j-cell-40x40-xchem2t-dp-params-4.csv,j-cell-40x40-xchem2t-dp-params-4,07/19/2024 09:19:35,DP 7,7,0.75,10,1000,9.866879223893613e-06,8.502289077828646e-08,700.0,0.0172602246,0.0029448202396599,1.8030000000002208e-05,8.5571409e-07,1.7579999999961515e-05,0.0202415105537499,0.00745348615,0.0276949967037499,0.2099659,700.22236,-0.0029457914,-9.7116034e-07,0.00025481755,-1.1544625e-07,0.75000045,-0.020206016,0.75001803,-0.0077083037,71.217719,0.04126079,700.47059,0.96913341,700.53923,700.32875,53.413289250000005,0.2099659,0.96913341,0.030866592,0.20825901,0.96823694,0.031763064,0.7142857142857143,81.213964,85.909687
39,j-cell-40x40-xchem2t-dp-params-4.csv,j-cell-40x40-xchem2t-dp-params-4,07/19/2024 09:19:35,DP 8,8,0.7,10,1000,9.866879223893613e-06,8.502289077828646e-08,700.0,0.0204711578,0.0034977504043,2.146000000002868e-05,1.0184012e-06,2.0930000000030088e-05,0.0240123166055,0.00818116125,0.0321934778555,0.20995942,700.32168,-0.0034989062,-1.1557957e-06,0.00030338035,-1.373945e-07,0.70000053,-0.023970064,0.70002146,-0.0084845416,84.758098,0.041403306,700.63959,0.96896864,700.73191,700.44858,59.3306686,0.20995942,0.96896864,0.031031357,0.20792608,0.96790111,0.032098885,0.6666666666666665,81.229844,85.945916
40,j-cell-40x40-xchem2t-dp-params-4.csv,j-cell-40x40-xchem2t-dp-params-4,07/19/2024 09:19:35,DP 9,9,0.65,10,1000,9.866879223893613e-06,8.502289077828646e-08,700.0,0.023748842,0.0040646698151,2.4999999999941732e-05,1.18615808e-06,2.437999999993501e-05,0.0278640779731798,0.00883500561,0.0366990835831798,0.20995274,700.43634,-0.004066016,-1.3461849e-06,0.00035351779,-1.6002682e-07,0.65000062,-0.027814858,0.650025,-0.0091885234,98.720811,0.041568371,700.8347,0.96879874,700.95442,700.58687,64.16852715,0.20995274,0.96879874,0.031201263,0.20758195,0.96755451,0.032445486,0.619047619047619,81.244832,85.985788
41,j-cell-40x40-xchem2t-dp-params-4.csv,j-cell-40x40-xchem2t-dp-params-4,07/19/2024 09:19:35,DP 10,10,0.6,10,1000,9.866879223893613e-06,8.502289077828646e-08,700.0,0.0270898991,0.0046455153581,2.865000000007445e-05,1.35917343e-06,2.7940000000059584e-05,0.0317933636315301,0.00942956875,0.0412229323815301,0.20994584,700.56707,-0.0046470579,-1.5425419e-06,0.00040529715,-1.8336847e-07,0.60000071,-0.031736957,0.60002865,-0.0098348659,113.12087,0.041757241,701.05713,0.96862351,701.20815,700.74445,67.87252199999999,0.20994584,0.96862351,0.03137649,0.20722609,0.9671967,0.032803303,0.5714285714285714,81.264409,86.029466
42,j-cell-40x40-xchem2t-dp-params-4.csv,j-cell-40x40-xchem2t-dp-params-4,07/19/2024 09:19:35,DP 11,11,0.55,10,1000,9.866879223893613e-06,8.502289077828646e-08,700.0,0.0304930267,0.0052406311152999,3.240999999998273e-05,1.53772817e-06,3.161000000007075e-05,0.03579921554347,0.0099762278,0.04577544334347,0.20993872,700.71466,-0.0052423763,-1.7451847e-06,0.0004588292,-2.0745653e-07,0.5500008,-0.035735403,0.55003241,-0.010435057,127.98408,0.041971368,701.30825,0.96844264,701.49471,700.92226,70.39124400000001,0.20993872,0.96844264,0.031557359,0.20685767,0.96682693,0.033173067,0.5238095238095237,81.288942,86.077143
43,j-cell-40x40-xchem2t-dp-params-4.csv,j-cell-40x40-xchem2t-dp-params-4,07/19/2024 09:19:35,DP 12,12,0.5,10,1000,9.866879223893613e-06,8.502289077828646e-08,700.0,0.0339586218,0.0058507145062999,3.6310000000039366e-05,1.7223324400000002e-06,3.5410000000069e-05,0.0398827786387401,0.01048402254,0.0503668011787401,0.20993137,700.88004,-0.0058526692,-1.9546937e-06,0.00051426546,-2.3236126e-07,0.5000009,-0.039811291,0.50003631,-0.010998288,143.34879,0.042212437,701.58965,0.96825568,701.81595,701.12137,71.674395,0.20993137,0.96825568,0.031744325,0.20647559,0.96644421,0.033555787,0.4761904761904762,81.317991,86.129054
44,j-cell-40x40-xchem2t-dp-params-4.csv,j-cell-40x40-xchem2t-dp-params-4,07/19/2024 09:19:35,DP 13,13,0.4,10,1000,9.866879223893613e-06,8.502289077828646e-08,700.0,0.0410859902,0.0071202118137,4.452999999998708e-05,2.11204796e-06,4.3420000000016223e-05,0.0482962640616599,0.01141102949,0.05970729355166,0.20991584,701.26872,-0.0071226088,-2.3969863e-06,0.00063166451,-2.8493834e-07,0.40000111,-0.048208599,0.40004453,-0.012042694,175.78398,0.042783653,702.25091,0.96786099,702.57137,701.58876,70.31359200000001,0.20991584,0.96786099,0.032139012,0.20566456,0.96563446,0.034365542,0.3809523809523809,81.38073,86.246722
45,j-cell-40x40-xchem2t-dp-params-4.csv,j-cell-40x40-xchem2t-dp-params-4,07/19/2024 09:19:35,DP 14,14,0.3,10,1000,9.866879223893613e-06,8.502289077828646e-08,700.0,0.0485027085,0.0084662129616,5.3450000000010434e-05,2.53459385e-06,5.211999999998884e-05,0.0570770260554499,0.01225577821,0.0693328042654499,0.209899,701.74411,-0.0084690895,-2.8765384e-06,0.00075959179,-3.4194455e-07,0.30000133,-0.056971798,0.30005345,-0.01301537,210.95157,0.043491323,703.05961,0.96743305,703.49628,702.15937,63.285471,0.209899,0.96743305,0.032566951,0.2047778,0.96475338,0.035246624,0.2857142857142857,81.457587,86.385321
46,j-cell-40x40-xchem2t-dp-params-5.csv,j-cell-40x40-xchem2t-dp-params-5,07/18/2024 18:06:15,DP 0,0,1.05,10,1000,9.866879223893613e-06,8.502289077828646e-08,800.0,9.446880000000005e-09,-1.8670466333e-07,0.0,6.299472769999999e-11,0.0,-1.7719478860229968e-07,5.435200999e-08,-1.2284277861229968e-07,0.21,799.89196,1.8663184e-07,-7.282333e-11,8.5382201e-10,-9.8286023e-12,1.05,1.7718496e-07,1.05,-5.5205832e-08,0.0011207075,0.24198049,799.93429,0.97,799.94867,799.92877,0.001176742875,0.21,0.97,0.030000002,0.20999999,0.97,0.030000004,1.0,92.763247,98.008599
47,j-cell-40x40-xchem2t-dp-params-5.csv,j-cell-40x40-xchem2t-dp-params-5,07/18/2024 18:06:15,DP 1,1,1.03,10,1000,9.866879223893613e-06,8.502289077828646e-08,800.0,0.00101994931,0.00043346204119,6.299999999903605e-06,2.96893372e-07,6.100000000008876e-06,0.0014661082445619,0.00546945921,0.0069355674545619,0.20998817,799.93145,-0.00043379899,-3.3694881e-07,0.00011538219,-4.0055438e-08,1.0300002,-0.0014537483,1.0300063,-0.0055848414,24.707406,0.24223546,800.0023,0.96969936,800.00638,799.99508,25.44862818,0.20998817,0.96969936,0.030300639,0.20943565,0.96940958,0.030590423,0.9809523809523808,92.769372,98.049731
48,j-cell-40x40-xchem2t-dp-params-5.csv,j-cell-40x40-xchem2t-dp-params-5,07/18/2024 18:06:15,DP 2,2,1.0,10,1000,9.866879223893613e-06,8.502289077828646e-08,800.0,0.002749711,0.00117014690664,1.6900000000097393e-05,8.021704299999999e-07,1.650000000008589e-05,0.0039540600770701,0.01299878511,0.0169528451870701,0.20996804,800.01722,-0.0011710573,-9.1039336e-07,0.00031196889,-1.0822293e-07,1.0000004,-0.0039207683,1.0000169,-0.013310754,66.760919,0.24279004,800.15,0.96918764,800.17481,800.09961,66.760919,0.20996804,0.96918764,0.030812359,0.20847453,0.96840451,0.03159549,0.9523809523809524,92.779416,98.123545
49,j-cell-40x40-xchem2t-dp-params-5.csv,j-cell-40x40-xchem2t-dp-params-5,07/18/2024 18:06:15,DP 3,3,0.95,10,1000,9.866879223893613e-06,8.502289077828646e-08,800.0,0.0063246755,0.0027012739808,3.921000000006725e-05,1.85663709e-06,3.823999999996719e-05,0.00910525611789,0.02368092707,0.03278618318789,0.20992602,800.25227,-0.0027033811,-2.1071192e-06,0.00072318793,-2.5048211e-07,0.95000097,-0.0090280566,0.95003921,-0.024404115,154.52258,0.24431546,800.55478,0.96811972,800.63643,800.38615,146.796451,0.20992602,0.96811972,0.031880278,0.20646534,0.96630637,0.033693626,0.9047619047619045,92.810091,98.28901
50,j-cell-40x40-xchem2t-dp-params-5.csv,j-cell-40x40-xchem2t-dp-params-5,07/18/2024 18:06:15,DP 4,4,0.9,10,1000,9.866879223893613e-06,8.502289077828646e-08,800.0,0.0109577579,0.0047082942003,6.87499999999508e-05,3.25038551e-06,6.704999999995742e-05,0.0158051024858099,0.0321555132,0.0479606156858099,0.20987047,800.64407,-0.0047119831,-3.6888997e-06,0.0012691008,-4.3851419e-07,0.9000017,-0.015669741,0.90006875,-0.033424614,270.52246,0.24687609,801.22947,0.96670817,801.40613,800.86359,243.47021400000003,0.20987047,0.96670817,0.03329183,0.20379884,0.96353107,0.036468926,0.8571428571428571,92.864819,98.524071
51,j-cell-40x40-xchem2t-dp-params-5.csv,j-cell-40x40-xchem2t-dp-params-5,07/18/2024 18:06:15,DP 5,5,0.85,10,1000,9.866879223893613e-06,8.502289077828646e-08,800.0,0.0167141729,0.0072479308273,0.00010673,5.03763834e-06,0.00010409,0.02417796136564,0.0388517164,0.06302967776564,0.20979923,801.2449,-0.0072536481,-5.7172727e-06,0.0019737726,-6.7963436e-07,0.85000264,-0.023967821,0.85010673,-0.040825489,419.27311,0.25084693,802.26416,0.96489806,802.58724,801.59517,356.3821435,0.20979923,0.96489806,0.035101939,0.20035459,0.95996724,0.040032763,0.8095238095238095,92.952112,98.845077
52,j-cell-40x40-xchem2t-dp-params-5.csv,j-cell-40x40-xchem2t-dp-params-5,07/18/2024 18:06:15,DP 6,6,0.8,10,1000,9.866879223893613e-06,8.502289077828646e-08,800.0,0.023509536,0.0103298529782,0.0001538599999999,7.24992551e-06,0.00015007,0.0341505689037099,0.0443460369,0.0784966058037099,0.20971103,802.10985,-0.010338081,-8.2280218e-06,0.0028542871,-9.7809629e-07,0.80000379,-0.033847617,0.80015386,-0.047200324,603.39874,0.2566582,803.75381,0.96265744,804.28936,802.64695,482.718992,0.20971103,0.96265744,0.037342562,0.19604421,0.95554569,0.044454309,0.7619047619047618,93.081127,99.266226
53,j-cell-40x40-xchem2t-dp-params-5.csv,j-cell-40x40-xchem2t-dp-params-5,07/18/2024 18:06:15,DP 7,7,0.75,10,1000,9.866879223893613e-06,8.502289077828646e-08,800.0,0.0312139519999999,0.01396632074,0.0002112199999999,9.9340463e-06,0.0002060199999999,0.0456074467862998,0.0492004380999999,0.0948078848862998,0.209604,803.30484,-0.013977595,-1.127426e-05,0.0039364819,-1.3402137e-06,0.7500052,-0.045191547,0.75021122,-0.05313692,826.79436,0.26487394,805.81212,0.95993888,806.64463,804.09716,620.09577,0.209604,0.95993888,0.040061124,0.19073741,0.95016292,0.049837077,0.7142857142857143,93.262912,99.805365
54,j-cell-40x40-xchem2t-dp-params-5.csv,j-cell-40x40-xchem2t-dp-params-5,07/18/2024 18:06:15,DP 8,8,0.7,10,1000,9.866879223893613e-06,8.502289077828646e-08,800.0,0.039731129,0.018218944793,0.00028113,1.31932862e-05,0.00027423,0.0585186270792001,0.0539276765,0.1124463035792001,0.20947399,804.92401,-0.018233918,-1.4973207e-05,0.0052733345,-1.7799208e-06,0.7000069,-0.057965047,0.70028113,-0.059201011,1098.0562,0.27636002,808.60153,0.95663773,809.84282,806.05675,768.63934,0.20947399,0.95663773,0.043362274,0.18417677,0.9435969,0.056403104,0.6666666666666666,93.512704,100.49194
55,j-cell-40x40-xchem2t-dp-params-5.csv,j-cell-40x40-xchem2t-dp-params-5,07/18/2024 18:06:15,DP 9,9,0.65,10,1000,9.866879223893613e-06,8.502289077828646e-08,800.0,0.049025442,0.023240570089,0.0003683799999999,1.72373977e-05,0.0003593599999999,0.0730109894866998,0.0590704081,0.1320813975866998,0.20931262,807.12004,-0.023260133,-1.9562911e-05,0.0069700599,-2.3255133e-06,0.65000902,-0.072285575,0.65036838,-0.066040468,1434.6451,0.29260908,812.38565,0.95254143,814.19294,808.70492,932.519315,0.20931262,0.95254143,0.047458572,0.17586842,0.93540255,0.064597452,0.619047619047619,93.850032,101.37829
56,j-cell-40x40-xchem2t-dp-params-5.csv,j-cell-40x40-xchem2t-dp-params-5,07/18/2024 18:06:15,DP 10,10,0.6,10,1000,9.866879223893613e-06,8.502289077828646e-08,800.0,0.0591131639999999,0.029343468314,0.00048263,2.2481665e-05,0.00047087,0.089432613979,0.0654120448,0.154844658779,0.20910328,810.16646,-0.029368983,-2.5514686e-05,0.0092371912,-3.033021e-06,0.60001176,-0.088482147,0.60048263,-0.074649236,1871.1165,0.31648448,817.6375,0.94722935,820.25104,812.36233,1122.6699,0.20910328,0.94722935,0.052770651,0.16487933,0.92470475,0.075295246,0.5714285714285714,94.327346,102.56231
57,j-cell-40x40-xchem2t-dp-params-5.csv,j-cell-40x40-xchem2t-dp-params-5,07/18/2024 18:06:15,DP 11,11,0.55,10,1000,9.866879223893613e-06,8.502289077828646e-08,800.0,0.06996546,0.037139031381,0.0006448499999999,2.97808616e-05,0.00062927,0.1084083922425999,0.0746291799999999,0.1830375722425999,0.20881174,814.60074,-0.03717283,-3.3798619e-05,0.012524717,-4.0177574e-06,0.55001558,-0.10713829,0.55064485,-0.087153897,2478.6144,0.35417993,825.28917,0.93983541,829.11461,817.66125,1363.23792,0.20881174,0.93983541,0.06016459,0.14954239,0.90972122,0.090278777,0.5238095238095238,95.025222,104.24058
58,j-cell-40x40-xchem2t-dp-params-5.csv,j-cell-40x40-xchem2t-dp-params-5,07/18/2024 18:06:15,DP 12,12,0.5,10,1000,9.866879223893613e-06,8.502289077828646e-08,800.0,0.080404099,0.047164249926,0.0008977799999999,4.03213318e-05,0.0008766799999999,0.1293831302577999,0.093233424,0.2226165542577999,0.20839039,821.19787,-0.047210011,-4.5761074e-05,0.017554046,-5.4397422e-06,0.5000211,-0.12761411,0.50089778,-0.11078747,3355.8569,0.41738299,836.71108,0.92915779,842.36896,825.57142,1677.92845,0.20839039,0.92915779,0.070842207,0.13227477,0.88834172,0.11165828,0.4761904761904761,96.064336,106.70632
59,j-cell-40x40-xchem2t-dp-params-5.csv,j-cell-40x40-xchem2t-dp-params-5,07/18/2024 18:06:15,DP 13,13,0.4,10,1000,9.866879223893613e-06,8.502289077828646e-08,800.0,0.086557739,0.078759447709,0.0022928399999999,8.4741371e-05,0.0022484999999999,0.16994326808,0.214007064,0.38395033208,0.20661031,849.88219,-0.078855621,-9.6173291e-05,0.042150566,-1.143192e-05,0.40004434,-0.16541336,0.40229284,-0.25615763,7052.5164,0.81583678,886.77665,0.88415564,901.33708,860.01963,2821.0065600000003,0.20661031,0.88415564,0.11584435,0.11373174,0.79774752,0.20225247,0.3809523809523809,100.58012,117.17002
60,j-cell-40x40-xchem2t-dp-params-5.csv,j-cell-40x40-xchem2t-dp-params-5,07/18/2024 18:06:15,DP 14,14,0.3,10,1000,9.866879223893613e-06,8.502289077828646e-08,800.0,0.04927675,0.1640566136099999,0.00710458,0.000221953438,0.00698845,0.227648347048,0.31780569,0.5454540370480001,0.20106351,929.79145,-0.16430851,-0.00025189639,0.14031273,-2.9942952e-05,0.30011613,-0.21358526,0.30710458,-0.45811842,18472.247,3.8560883,1031.1302,0.74513636,1065.4051,964.90029,5541.674099999999,0.20106351,0.74513636,0.25486364,0.093205627,0.55522186,0.44477814,0.2857142857142857,112.9201,148.3431
61,Расчет 1 1000.csv,Расчет 1 1000,04/01/2026 10:08:30,DP 0,0,1.05,1,1000,9.866879223893614e-07,8.502289077828646e-08,1073.15,1.2350999999999792e-08,-2.561360935784e-06,0.0,7.6347202e-11,0.0,-2.548933588582e-06,2.555122252e-06,6.188663417999852e-09,0.20999997,1073.1523,2.561273e-06,-8.7935784e-11,3.0348748e-08,-1.1588582e-11,1.05,2.548922e-06,1.05,-2.585471e-06,0.0069541899,5.4575519,1073.1517,0.96999996,1073.1522,1073.1507,0.007301899395,0.20999997,0.96999996,0.030000045,0.20999901,0.97000358,0.030000177,1.0,7.9648241,131.46736
62,Расчет 1 1000.csv,Расчет 1 1000,04/01/2026 10:08:30,DP 1,1,1.03,1,1000,9.866879223893614e-07,8.502289077828646e-08,1072.85,0.00010456,0.000531987972,1.4399999999969992e-05,6.85542349e-07,1.399999999995849e-05,0.0006656335143489,0.01870265249,0.0193682860043489,0.2097268,1073.1746,-0.000532766,-7.78028e-07,0.00047940451,-9.2485651e-08,1.0300004,-0.000637326,1.0300144,-0.019182057,57.059417,5.457166,1073.1433,0.96930568,1073.187,1073.0067,58.77119951,0.2097268,0.96930568,0.030694324,0.20924053,0.96901004,0.030993718,0.980952380952381,7.9594926,131.56626
63,Расчет 1 1000.csv,Расчет 1 1000,04/01/2026 10:08:30,DP 2,2,1.0,1,1000,9.866879223893614e-07,8.502289077828646e-08,1072.05,0.0003173277999999,0.0016134245847,4.3800000000038246e-05,2.07885613e-06,4.2700000000062126e-05,0.0020193312408301,0.0460649779,0.04808430914083,0.20917097,1073.1465,-0.0016157839,-2.3593153e-06,0.0014538461,-2.8045917e-07,1.0000011,-0.0019331117,1.0000438,-0.047518824,173.02248,5.4525156,1073.0415,0.96789459,1073.1887,1072.5802,173.02248,0.20917097,0.96789459,0.032105409,0.20769903,0.9669914,0.033012356,0.9523809523809524,7.9550279,131.75587
64,Расчет 1 1000.csv,Расчет 1 1000,04/01/2026 10:08:30,DP 3,3,0.95,1,1000,9.866879223893614e-07,8.502289077828646e-08,1069.55,0.0009091818,0.0046195188849,0.00012591,5.9488507e-06,0.00012279,0.0057833495356001,0.0887342357,0.0945175852356001,0.20762309,1073.2479,-0.0046262703,-6.7514151e-06,0.0041623473,-8.025644e-07,0.95000312,-0.0055354521,0.95012591,-0.092896583,495.11567,5.4458299,1072.8947,0.96397517,1073.3901,1071.3394,470.3598865,0.20762309,0.96397517,0.03602483,0.20341898,0.96138969,0.038614065,0.9047619047619048,7.9424984,132.29339
65,Расчет 1 1000.csv,Расчет 1 1000,04/01/2026 10:08:30,DP 4,4,0.9,1,1000,9.866879223893614e-07,8.502289077828646e-08,1064.25,0.001972818,0.0100093522289999,0.0002740799999999,1.2878342e-05,0.0002673399999999,0.0125364685709999,0.1255930751,0.1381295436709999,0.20483672,1073.5082,-0.010023968,-1.4615771e-05,0.0090175149,-1.737429e-06,0.90000674,-0.011996786,0.90027408,-0.13461059,1071.8457,5.4336619,1072.6253,0.95695696,1073.8622,1068.7334,964.66113,0.20483672,0.95695696,0.043043043,0.19575561,0.95137815,0.048625605,0.8571428571428571,7.9218906,133.23611
66,Расчет 1 1000.csv,Расчет 1 1000,04/01/2026 10:08:30,DP 5,5,0.85,1,1000,9.866879223893614e-07,8.502289077828646e-08,1054.85,0.0036714269999999,0.018649107049,0.00051391,2.39595471e-05,0.0005013699999999,0.0233597735960999,0.15457856,0.1779383335960999,0.20033938,1074.4902,-0.018676299,-2.7191951e-05,0.0168037,-3.2324039e-06,0.85001254,-0.022347726,0.85051391,-0.17138226,1994.1144,5.433971,1072.6212,0.94573339,1075.235,1064.3714,1694.99724,0.20033938,0.94573339,0.054266611,0.18348699,0.93541536,0.064588391,0.8095238095238094,7.8863449,134.74976
67,Расчет 1 1000.csv,Расчет 1 1000,04/01/2026 10:08:30,DP 6,6,0.8,1,1000,9.866879223893614e-07,8.502289077828646e-08,1039.85,0.0060387579999999,0.030759478496,0.0008550299999999,3.9455526100000005e-05,0.00083438,0.0385271020221,0.175227155,0.2137542570221,0.19396231,1076.3134,-0.030804257,-4.4778504e-05,0.027725205,-5.3229779e-06,0.80002065,-0.036843015,0.80085503,-0.20295236,3283.8157,5.4460814,1072.8521,0.93003753,1077.6815,1057.5517,2627.05256,0.19396231,0.93003753,0.069962469,0.16630173,0.91317817,0.086825588,0.7619047619047618,7.8431229,136.80436
68,Расчет 1 1000.csv,Расчет 1 1000,04/01/2026 10:08:30,DP 7,7,0.75,1,1000,9.866879223893614e-07,8.502289077828646e-08,1018.05,0.008997381,0.045802575601,0.00128985,5.8707177e-05,0.0012591299999999,0.057407643778,0.18880867,0.246216313778,0.18589401,1078.6241,-0.045869203,-6.6627399e-05,0.04128458,-7.920222e-06,0.75003072,-0.054866584,0.75128985,-0.23009325,4886.0955,5.4517613,1072.8905,0.91053657,1080.87,1047.5043,3664.571625000001,0.18589401,0.91053657,0.089463434,0.14505287,0.88567653,0.11432723,0.7142857142857143,7.8071703,139.18294
69,Расчет 1 1000.csv,Расчет 1 1000,04/01/2026 10:08:30,DP 8,8,0.7,1,1000,9.866879223893614e-07,8.502289077828646e-08,989.95,0.0123433719999999,0.062726893647,0.00180298,8.0430461e-05,0.00176089,0.078714566108,0.197906061,0.276620627108,0.17659892,1081.7588,-0.062818175,-9.1281353e-05,0.056534559,-1.0850892e-05,0.70004209,-0.075161547,0.70180298,-0.25444062,6694.0682,5.4694289,1073.1044,0.8885312,1085.1271,1034.6797,4685.847739999999,0.17659892,0.8885312,0.1114688,0.12196515,0.85484995,0.1451538,0.6666666666666666,7.733271,141.71368
70,Расчет 1 1000.csv,Расчет 1 1000,04/01/2026 10:08:30,DP 9,9,0.65,1,1000,9.866879223893614e-07,8.502289077828646e-08,956.45,0.0158519099999999,0.07994755616,0.0023805199999999,0.000102779874,0.0023267399999999,0.1006095060339999,0.206112323,0.3067218290339999,0.16681083,1085.1838,-0.080064202,-0.00011664584,0.072006197,-1.3865966e-05,0.65005378,-0.095916112,0.65238052,-0.27811852,8554.109,5.4837813,1073.1284,0.86589152,1089.8777,1019.3278,5560.17085,0.16681083,0.86589152,0.13410848,0.10162571,0.82348672,0.17651703,0.619047619047619,7.6625095,144.11957
71,Расчет 1 1000.csv,Расчет 1 1000,04/01/2026 10:08:30,DP 10,10,0.6,1,1000,9.866879223893614e-07,8.502289077828646e-08,919.75,0.0192286149999999,0.095560082,0.00301501,0.0001238013129999,0.00295023,0.1208777383130001,0.217862643,0.3387403813130001,0.15739055,1088.88,-0.095700585,-0.000140503,0.085946317,-1.6701687e-05,0.60006478,-0.1149292,0.60301501,-0.30380896,10303.502,5.5036207,1073.1413,0.84459817,1095.0615,1002.552,6182.1012,0.15739055,0.84459817,0.15540183,0.088744585,0.79420706,0.2057967,0.5714285714285714,7.5880291,146.22083
72,Расчет 1 1000.csv,Расчет 1 1000,04/01/2026 10:08:30,DP 11,11,0.55,1,1000,9.866879223893614e-07,8.502289077828646e-08,878.55,0.0226421,0.11003320999,0.0037000499999999,0.000144531905,0.0036244199999999,0.1401443118949999,0.231970453,0.3721147648949999,0.14789002,1093.0939,-0.11019724,-0.00016403001,0.098744787,-1.9498105e-05,0.55007563,-0.13283934,0.55370005,-0.33071524,12028.646,5.5336039,1073.1891,0.82359935,1100.9727,983.71049,6615.755300000001,0.14789002,0.82359935,0.17640065,0.078349694,0.76522469,0.23477907,0.5238095238095238,7.5151161,148.11341
73,Расчет 1 1000.csv,Расчет 1 1000,04/01/2026 10:08:30,DP 12,12,0.5,1,1000,9.866879223893614e-07,8.502289077828646e-08,831.65,0.0263222899999999,0.12401085617,0.0044270199999999,0.000165612046,0.0043403599999999,0.1592661382159998,0.2466004399999999,0.4058665782159998,0.13800674,1097.51,-0.12419881,-0.00018795383,0.1109373,-2.2341784e-05,0.50008666,-0.1505211,0.50442702,-0.35753774,13782.944,5.5587832,1072.8874,0.80224525,1107.3022,962.04538,6891.472,0.13800674,0.80224525,0.19775475,0.068759118,0.73580856,0.26419519,0.4761904761904761,7.4387375,149.82885
74,Расчет 1 1000.csv,Расчет 1 1000,04/01/2026 10:08:30,DP 13,13,0.4,1,1000,9.866879223893614e-07,8.502289077828646e-08,730.95,0.0320470799999999,0.15255751276,0.0060731099999999,0.000210843495,0.0059627899999999,0.1968513362549999,0.27974767,0.4765990062549999,0.11600594,1118.1595,-0.1527968,-0.00023928724,0.13675496,-2.8443745e-05,0.40011032,-0.18484388,0.40607311,-0.41650263,17547.312,6.148516,1082.6324,0.75642489,1132.3113,921.29709,7018.924800000001,0.11600594,0.75642489,0.24357511,0.050446404,0.67452575,0.325478,0.3809523809523809,7.344348,154.63107
75,Расчет 1 1000.csv,Расчет 1 1000,04/01/2026 10:08:30,DP 14,14,0.3,1,1000,9.866879223893614e-07,8.502289077828646e-08,620.3499999999999,0.03483327,0.18182389066,0.0079875,0.00026010914,0.00785141,0.2327561798,0.31849586,0.5512520398,0.090727258,1153.0983,-0.18211909,-0.00029519934,0.16475771,-3.50902e-05,0.30013609,-0.21695236,0.3079875,-0.48325357,21647.588,7.5740294,1105.439,0.70652124,1171.886,883.83141,6494.2764,0.090727258,0.70652124,0.29347876,0.032645996,0.61235318,0.38765058,0.2857142857142857,7.3136446,161.3639
76,Расчет 1 2000.csv,Расчет 1 2000,04/02/2026 15:32:57,DP 0,0,1.05,1,1000,9.866879223893614e-07,8.502289077828646e-08,1073.15,1.4253850000000069e-12,-6.1461463788e-11,0.0,1.94138368e-14,0.0,-6.00166649512e-11,2.804810999999999e-11,-3.196855495120001e-11,0.21,1073.1489,6.1438973e-11,-2.2490788e-14,1e-10,-3.0769512e-15,1.05,6.0013588e-11,1.05,-1.2804811e-10,-7.9630935e-06,2.3705672,1073.1489,0.97,1073.149,1073.1489,-8.361248175e-06,0.21,0.97,0.03,0.21,0.97,0.03,1.0,8.022582,131.4613
77,Расчет 1 2000.csv,Расчет 1 2000,04/02/2026 15:32:57,DP 1,1,1.03,1,1000,9.866879223893614e-07,8.502289077828646e-08,1072.85,0.0002388123699999,0.00055525743179,1.4399999999969992e-05,6.81392394e-07,1.399999999995849e-05,0.0008231511941839,0.01863296069,0.0194561118841839,0.20972839,1073.3829,-0.00055603075,-7.7331821e-07,0.00047683631,-9.1925816e-08,1.0300004,-0.00079484312,1.0300144,-0.019109797,56.714034,2.3748647,1073.3533,0.96930988,1073.3962,1073.2412,58.41545502,0.20972839,0.96930988,0.030690121,0.20863,0.96873876,0.031261236,0.9809523809523808,8.0189199,131.58665
78,Расчет 1 2000.csv,Расчет 1 2000,04/02/2026 15:32:57,DP 2,2,1.0,1,1000,9.866879223893614e-07,8.502289077828646e-08,1072.05,0.0007177676999999,0.0016760300135,4.350000000008514e-05,2.05504039e-06,4.240000000010902e-05,0.0024817527538901,0.0458767395,0.0483584922538901,0.2091803,1073.836,-0.0016783623,-2.3322865e-06,0.0014403015,-2.7724611e-07,1.0000011,-0.00239613,1.0000435,-0.047317041,171.04036,2.3829601,1073.7374,0.96791871,1073.881,1073.3624,171.04036,0.2091803,0.96791871,0.032081289,0.20587658,0.96619799,0.033802006,0.9523809523809524,8.0170864,131.83517
79,Расчет 1 2000.csv,Расчет 1 2000,04/02/2026 15:32:57,DP 3,3,0.95,1,1000,9.866879223893614e-07,8.502289077828646e-08,1069.55,0.0019979324999999,0.0047361057383,0.0001239299999999,5.79249248e-06,0.0001208999999999,0.0069846607307799,0.0883793912,0.0953640519307799,0.20768521,1075.4821,-0.0047426797,-6.5739617e-06,0.0040796588,-7.8146922e-07,0.95000303,-0.0067406122,0.95012393,-0.09245905,482.1016,2.4130443,1075.1559,0.96413352,1075.6319,1073.911,457.99652,0.20768521,0.96413352,0.035866476,0.19844042,0.95929769,0.040702312,0.9047619047619045,8.0148251,132.55302
80,Расчет 1 2000.csv,Расчет 1 2000,04/02/2026 15:32:57,DP 4,4,0.9,1,1000,9.866879223893614e-07,8.502289077828646e-08,1064.25,0.004118593,0.010051319638,0.0002661199999999,1.22382867e-05,0.0002597199999999,0.0147079909246998,0.1254617757,0.1401697666246998,0.20509339,1078.7522,-0.010065209,-1.3889362e-05,0.0086969743,-1.6510753e-06,0.9000064,-0.014183802,0.90026612,-0.13415875,1018.5721,2.4733504,1077.9565,0.9576052,1079.1178,1074.9163,916.71489,0.20509339,0.9576052,0.0423948,0.18580593,0.94744292,0.052557078,0.8571428571428571,8.0134095,133.82266
81,Расчет 1 2000.csv,Расчет 1 2000,04/02/2026 15:32:57,DP 5,5,0.85,1,1000,9.866879223893614e-07,8.502289077828646e-08,1054.85,0.007100681,0.018236862458,0.00049082,2.20471523e-05,0.0004792799999999,0.0263296906102999,0.155856736,0.1821864266102999,0.20111665,1084.6361,-0.018261884,-2.5021542e-05,0.015898614,-2.9743897e-06,0.85001154,-0.025362565,0.85049082,-0.17175535,1834.9409,2.5852006,1083.008,0.94767034,1085.3861,1076.7736,1559.699765,0.20111665,0.94767034,0.052329664,0.16714268,0.92951981,0.070480186,0.8095238095238094,8.0165405,135.82673
82,Расчет 1 2000.csv,Расчет 1 2000,04/02/2026 15:32:57,DP 6,6,0.8,1,1000,9.866879223893614e-07,8.502289077828646e-08,1039.85,0.0105942069999999,0.029195875112,0.0008047299999999,3.49639125e-05,0.00078643,0.0414162060244999,0.180109867,0.2215260730244999,0.19581887,1093.0278,-0.029235556,-3.9680888e-05,0.025701053,-4.7169755e-06,0.8000183,-0.039829763,0.80080473,-0.20581092,2909.9609,2.750003,1090.1367,0.93458711,1094.3668,1079.0324,2327.9687200000003,0.19581887,0.93458711,0.065412889,0.14430173,0.90614215,0.093857841,0.7619047619047618,8.0232655,138.48243
83,Расчет 1 2000.csv,Расчет 1 2000,04/02/2026 15:32:57,DP 7,7,0.75,1,1000,9.866879223893614e-07,8.502289077828646e-08,1018.05,0.014145441,0.041977406075,0.00120253,4.97872006e-05,0.00117648,0.0585516442756,0.200587206,0.2591388502756,0.1896521,1102.3737,-0.04203391,-5.6503925e-05,0.037303854,-6.7167244e-06,0.75002605,-0.056179351,0.75120253,-0.23789106,4143.6321,2.9374127,1097.824,0.91957242,1104.5054,1080.272,3107.724075,0.1896521,0.91957242,0.08042758,0.12306908,0.87963808,0.12036192,0.7142857142857141,8.026863,141.41073
84,Расчет 1 2000.csv,Расчет 1 2000,04/02/2026 15:32:57,DP 8,8,0.7,1,2000,1.9733758447787224e-06,1.7004578155657292e-07,989.95,0.024171144,0.054640750654,0.00177509,6.875755200000001e-05,0.00173911,0.0823948522060001,0.2146396039999999,0.2970344562060001,0.19606141,1052.9551,-0.054718784,-7.8033346e-05,0.046734116,-9.275794e-06,0.70003598,-0.078889928,0.70177509,-0.26137372,5722.3721,2.3674399,1052.4313,0.93516903,1060.9297,1030.2042,4005.6604699999993,0.19606141,0.93516903,0.064830971,0.11672815,0.87806469,0.12193531,0.6666666666666665,16.491333,267.04943
85,Расчет 1 2000.csv,Расчет 1 2000,04/02/2026 15:32:57,DP 9,9,0.65,1,1000,9.866879223893614e-07,8.502289077828646e-08,956.45,0.0202028469999999,0.069528369131,0.0022065799999999,8.154769500000001e-05,0.0021639099999999,0.0941832538259999,0.238439514,0.3326227678259998,0.17611639,1123.6714,-0.069620918,-9.2548869e-05,0.062839966,-1.1001174e-05,0.65004267,-0.089823765,0.65220658,-0.30127948,6786.7772,3.3898946,1114.8048,0.88740182,1127.9576,1080.2659,4411.405180000001,0.17611639,0.88740182,0.11259818,0.099866493,0.82383058,0.17616942,0.619047619047619,8.0320439,147.54572
86,Расчет 1 2000.csv,Расчет 1 2000,04/02/2026 15:32:57,DP 10,10,0.6,1,1000,9.866879223893614e-07,8.502289077828646e-08,919.75,0.02204087,0.0846830118699999,0.0027909,9.8834872e-05,0.00273919,0.112352806742,0.2557227239999999,0.368075530742,0.168557,1139.8278,-0.08479518,-0.00011216813,0.077375856,-1.3333258e-05,0.60005171,-0.10683605,0.6027909,-0.33309858,8225.4715,3.7863328,1128.2802,0.86989039,1145.4682,1083.026,4935.282899999999,0.168557,0.86989039,0.13010961,0.091277808,0.7942768,0.2057232,0.5714285714285712,8.0624699,151.35278
87,Расчет 1 2000.csv,Расчет 1 2000,04/02/2026 15:32:57,DP 11,11,0.55,1,1000,9.866879223893614e-07,8.502289077828646e-08,878.55,0.02306766,0.10062810406,0.0034196599999999,0.000116904925,0.0033584899999999,0.1305908189849999,0.272185002,0.4027758209849999,0.16050545,1159.0405,-0.10076078,-0.00013267594,0.092969438,-1.5771015e-05,0.55006117,-0.12382844,0.55341966,-0.36515444,9729.3579,4.3105824,1144.5047,0.85158547,1166.1948,1087.1182,5351.146845000001,0.16050545,0.85158547,0.14841453,0.083375691,0.76414617,0.23585383,0.5238095238095238,8.1075256,155.57445
88,Расчет 1 2000.csv,Расчет 1 2000,04/02/2026 15:32:57,DP 12,12,0.5,1,1000,9.866879223893614e-07,8.502289077828646e-08,831.65,0.0235243399999999,0.11713309328,0.00408609,0.000135594354,0.00401515,0.1488942676340001,0.2880508,0.436945067634,0.15201197,1180.0977,-0.11728698,-0.00015388672,0.10931298,-1.8292366e-05,0.50007094,-0.14081132,0.50408609,-0.39736378,11284.815,4.9487894,1162.2965,0.83265303,1188.9032,1091.4124,5642.4075,0.15201197,0.83265303,0.16734697,0.075898691,0.73381831,0.26618169,0.4761904761904761,8.159041,160.04806
89,Расчет 1 2000.csv,Расчет 1 2000,04/02/2026 15:32:57,DP 13,13,0.4,1,1000,9.866879223893614e-07,8.502289077828646e-08,730.95,0.0219832299999999,0.15174453802,0.0054779199999999,0.000173557957,0.0053871099999999,0.1847663559769999,0.31893704,0.503703395977,0.13421902,1233.4065,-0.15194151,-0.00019697198,0.14441443,-2.3414023e-05,0.40009081,-0.17392474,0.40547792,-0.46335147,14444.434,6.9393522,1208.6311,0.79419709,1245.7332,1107.7406,5777.7736,0.13421902,0.79419709,0.20580291,0.062067278,0.67576087,0.32423913,0.3809523809523809,8.3236952,170.53974
90,Расчет 1 2000.csv,Расчет 1 2000,04/02/2026 15:32:57,DP 14,14,0.3,1,1000,9.866879223893614e-07,8.502289077828646e-08,620.3499999999999,0.0189653999999999,0.18746021399,0.00686881,0.000210454289,0.0067587,0.220263578279,0.34906545,0.569329028279,0.11619589,1295.9869,-0.18769906,-0.00023884601,0.18111798,-2.8391721e-05,0.30011011,-0.20666446,0.30686881,-0.53018343,17515.241,10.016599,1264.0372,0.75682502,1311.9133,1130.362,5254.572300000001,0.11619589,0.75682502,0.24317498,0.049613082,0.62401098,0.37598902,0.2857142857142857,8.5357342,182.27165
91,Расчет 10 100.csv,Расчет 10 100,04/02/2026 15:46:06,DP 0,0,1.05,1,1000,9.866879223893614e-07,8.502289077828646e-08,1073.15,1.4249749999999897e-12,-6.146296073e-11,0.0,1.94535221e-14,0.0,-6.00185322079e-11,2.8011300000000003e-11,-3.20072322079e-11,0.21,1073.1489,6.1440422e-11,-2.253873e-14,1e-10,-3.0852079e-15,1.05,6.0015447e-11,1.05,-1.280113e-10,-7.9588186e-06,2.3705672,1073.1489,0.97,1073.149,1073.1489,-8.35675953e-06,0.21,0.97,0.03,0.21,0.97,0.03,1.0,8.0225817,131.4613
92,Расчет 10 100.csv,Расчет 10 100,04/02/2026 15:46:06,DP 1,1,1.03,1,1000,9.866879223893614e-07,8.502289077828646e-08,1072.85,0.00023881227,0.00055525741171,1.4399999999969992e-05,6.81392486e-07,1.399999999995849e-05,0.0008231510741959,0.01863296168,0.0194561127541959,0.20972839,1073.3829,-0.00055603073,-7.7331829e-07,0.00047683632,-9.1925804e-08,1.0300004,-0.000794843,1.0300144,-0.019109798,56.714071,2.3748656,1073.3533,0.96930988,1073.3963,1073.2413,58.41549313,0.20972839,0.96930988,0.030690121,0.20863,0.96873876,0.031261236,0.9809523809523808,8.0189006,131.58665
93,Расчет 10 100.csv,Расчет 10 100,04/02/2026 15:46:06,DP 2,2,1.0,1,1000,9.866879223893614e-07,8.502289077828646e-08,1072.05,0.0007177673,0.0016760299136,4.350000000008514e-05,2.0550403e-06,4.240000000010902e-05,0.0024817522539001,0.0458767405,0.0483584927539001,0.2091803,1073.836,-0.0016783622,-2.3322864e-06,0.0014403015,-2.772461e-07,1.0000011,-0.0023961295,1.0000435,-0.047317042,171.04033,2.3829614,1073.7375,0.96791871,1073.8811,1073.3624,171.04033,0.2091803,0.96791871,0.032081289,0.20587658,0.96619799,0.033802006,0.9523809523809524,8.0170855,131.83517
94,Расчет 10 100.csv,Расчет 10 100,04/02/2026 15:46:06,DP 3,3,0.95,1,1000,9.866879223893614e-07,8.502289077828646e-08,1069.55,0.001997919,0.0047361024447,0.0001239299999999,5.79248683e-06,0.0001208999999999,0.0069846439315299,0.0883794122,0.0953640561315299,0.20768521,1075.4828,-0.0047426764,-6.5739553e-06,0.0040796598,-7.8146847e-07,0.95000303,-0.0067405954,0.95012393,-0.092459072,482.101,2.4130578,1075.1565,0.96413353,1075.6326,1073.9114,457.99595,0.20768521,0.96413353,0.03586647,0.19844043,0.9592977,0.040702299,0.9047619047619045,8.0148504,132.5531
95,Расчет 10 100.csv,Расчет 10 100,04/02/2026 15:46:06,DP 4,4,0.9,1,1000,9.866879223893614e-07,8.502289077828646e-08,1064.25,0.0041185889999999,0.010051318639,0.0002661199999999,1.22382859e-05,0.0002597199999999,0.0147079859248998,0.1254617854,0.1401697713248998,0.20509339,1078.7523,-0.010065208,-1.3889361e-05,0.0086969746,-1.6510751e-06,0.9000064,-0.014183797,0.90026612,-0.13415876,1018.5719,2.4733522,1077.9566,0.9576052,1079.1179,1074.9163,916.71471,0.20509339,0.9576052,0.042394799,0.18580593,0.94744292,0.052557074,0.8571428571428571,8.013421,133.82267
96,Расчет 10 100.csv,Расчет 10 100,04/02/2026 15:46:06,DP 5,5,0.85,1,1000,9.866879223893614e-07,8.502289077828646e-08,1054.85,0.0071007119999999,0.018236867446,0.00049082,2.20471628e-05,0.0004792799999999,0.0263297266087999,0.155856691,0.1821864176087999,0.20111664,1084.6356,-0.018261889,-2.5021554e-05,0.015898609,-2.9743912e-06,0.85001154,-0.025362601,0.85049082,-0.1717553,1834.9422,2.5851907,1083.0075,0.94767032,1085.3857,1076.7732,1559.70087,0.20111664,0.94767032,0.052329675,0.16714262,0.92951979,0.070480211,0.8095238095238094,8.0165609,135.82667
97,Расчет 10 100.csv,Расчет 10 100,04/02/2026 15:46:06,DP 6,6,0.8,1,1000,9.866879223893614e-07,8.502289077828646e-08,1039.85,0.010594059,0.029195875144,0.0008047299999999,3.4963884300000004e-05,0.00078643,0.0414160580282999,0.180110028,0.2215260860282999,0.19581889,1093.0296,-0.029235556,-3.9680856e-05,0.025701102,-4.7169717e-06,0.8000183,-0.039829615,0.80080473,-0.20581113,2909.9566,2.7500382,1090.1382,0.93458714,1094.3684,1079.0335,2327.96528,0.19581889,0.93458714,0.065412858,0.14430204,0.90614224,0.093857756,0.7619047619047618,8.0230686,138.48262
98,Расчет 10 100.csv,Расчет 10 100,04/02/2026 15:46:06,DP 7,7,0.75,1,1000,9.866879223893614e-07,8.502289077828646e-08,1018.05,0.0141454499999999,0.041977407072,0.00120253,4.97872032e-05,0.00117648,0.0585516542752,0.200587198,0.2591388522752,0.1896521,1102.3736,-0.042033911,-5.6503928e-05,0.037303852,-6.7167248e-06,0.75002605,-0.056179361,0.75120253,-0.23789105,4143.6325,2.9374112,1097.824,0.91957241,1104.5054,1080.272,3107.724375,0.1896521,0.91957241,0.080427583,0.12306909,0.87963807,0.12036192,0.7142857142857143,8.0268593,141.41072
99,Расчет 10 100.csv,Расчет 10 100,04/02/2026 15:46:06,DP 8,8,0.7,10,100,9.866879223893616e-07,8.502289077828646e-09,989.95,0.0093909569999999,0.07182545019,0.00134432,5.49998777e-05,0.00131554,0.0839312670677,0.195542636,0.2794739030677,0.18746091,1166.8198,-0.07188787,-6.241981e-05,0.068675254,-7.4199323e-06,0.70002878,-0.081278827,0.70134432,-0.26421789,4577.4769,4.9061121,1162.2894,0.41300197,1169.4841,1145.451,3204.23383,0.18746091,0.41300197,0.58699803,0.12314122,0.38035319,0.61964681,0.6666666666666666,8.4660334,17.837237
100,Расчет 10 100.csv,Расчет 10 100,04/02/2026 15:46:06,DP 9,9,0.65,1,1000,9.866879223893614e-07,8.502289077828646e-08,956.45,0.0202016669999999,0.069528655212,0.0022065799999999,8.154762400000001e-05,0.0021639099999999,0.0941823598359999,0.238440146,0.3326225058359999,0.17611648,1123.679,-0.069621204,-9.2548788e-05,0.062840654,-1.1001164e-05,0.65004267,-0.089822871,0.65220658,-0.3012808,6786.7529,3.3900838,1114.8116,0.88740188,1127.965,1080.2711,4411.389385,0.17611648,0.88740188,0.11259811,0.099866973,0.82383097,0.17616903,0.619047619047619,8.0311968,147.54662
101,Расчет 10 100.csv,Расчет 10 100,04/02/2026 15:46:06,DP 10,10,0.6,1,1000,9.866879223893614e-07,8.502289077828646e-08,919.75,0.022040327,0.08468298513,0.0027908899999999,9.8834643e-05,0.0027391799999999,0.1123522167729999,0.255723336,0.3680755527729999,0.16855714,1139.8302,-0.084795153,-0.00011216787,0.077376014,-1.3333227e-05,0.60005171,-0.10683548,0.60279089,-0.33309935,8225.4427,3.7864135,1128.2829,0.86989062,1145.471,1083.0281,4935.265619999999,0.16855714,0.86989062,0.13010938,0.091277279,0.79427734,0.20572266,0.5714285714285714,8.0625106,151.35312
102,Расчет 10 100.csv,Расчет 10 100,04/02/2026 15:46:06,DP 11,11,0.55,1,1000,9.866879223893614e-07,8.502289077828646e-08,878.55,0.0230675499999999,0.10062803419,0.0034196599999999,0.000116904811,0.0033584899999999,0.1305906390009999,0.272185253,0.4027758920009999,0.16050546,1159.0408,-0.10076071,-0.00013267581,0.092969417,-1.5770999e-05,0.55006117,-0.12382826,0.55341966,-0.36515467,9729.346,4.3105981,1144.5052,0.85158558,1166.1953,1087.1186,5351.1403,0.16050546,0.85158558,0.14841442,0.08337564,0.7641463,0.2358537,0.5238095238095237,8.1071912,155.5745
103,Расчет 10 100.csv,Расчет 10 100,04/02/2026 15:46:06,DP 12,12,0.5,1,1000,9.866879223893614e-07,8.502289077828646e-08,831.65,0.02352413,0.11713336312,0.0040860999999999,0.000135594494,0.00401516,0.148894347614,0.28805047,0.436944817614,0.15201194,1180.0997,-0.11728725,-0.00015388688,0.10931332,-1.8292386e-05,0.50007094,-0.14081138,0.5040861,-0.39736379,11284.821,4.9488377,1162.2978,0.83265289,1188.9047,1091.4133,5642.4105,0.15201194,0.83265289,0.16734711,0.07589928,0.73381818,0.26618182,0.4761904761904761,8.159198,160.04825
104,Расчет 10 100.csv,Расчет 10 100,04/02/2026 15:46:06,DP 13,13,0.4,1,1000,9.866879223893614e-07,8.502289077828646e-08,730.95,0.0219833499999999,0.15174399843,0.0054779099999999,0.000173557595,0.0053870999999999,0.1847659160249999,0.31893799,0.5037039060249999,0.13421933,1233.4039,-0.15194097,-0.00019697157,0.14441385,-2.3413975e-05,0.40009081,-0.17392432,0.40547791,-0.46335184,14444.408,6.9392917,1208.6298,0.79419743,1245.7316,1107.7399,5777.7632,0.13421933,0.79419743,0.20580257,0.062066543,0.67576112,0.32423888,0.380952380952381,8.3229547,170.53951
105,Расчет 10 100.csv,Расчет 10 100,04/02/2026 15:46:06,DP 14,14,0.3,1,1000,9.866879223893614e-07,8.502289077828646e-08,620.3499999999999,0.01896538,0.18746042381,0.0068688199999999,0.000210454447,0.00675871,0.220263788257,0.3490650399999999,0.5693288282569999,0.11619584,1295.9877,-0.18769927,-0.00023884619,0.1811182,-2.8391743e-05,0.30011011,-0.20666465,0.30686882,-0.53018324,17515.253,10.016616,1264.0375,0.75682486,1311.9136,1130.3621,5254.5759,0.11619584,0.75682486,0.24317514,0.049613781,0.62401054,0.37598946,0.2857142857142857,8.5355137,182.27169
106,Расчет 10 1000.csv,Расчет 10 1000,04/09/2026 09:33:27,DP 0,0,1.05,10,1000,9.866879223893613e-06,8.502289077828646e-08,1073.15,1.426539000000001e-12,-6.1462806655e-11,0.0,2.5074212600000003e-14,0.0,-6.00111934424e-11,2.797990999999999e-11,-3.2031283442400014e-11,0.21,1072.9649,6.1433728e-11,-2.9078655e-14,1e-10,-4.0044424e-15,1.05,6.0007189e-11,1.05,-1.2797991e-10,-7.8718603e-06,2.3682641,1073.0393,0.97,1073.0641,1073.0297,-8.265453315e-06,0.21,0.97,0.03,0.21,0.97,0.03,1.0,124.444,131.44802
107,Расчет 10 1000.csv,Расчет 10 1000,04/09/2026 09:33:27,DP 1,1,1.03,10,1000,9.866879223893613e-06,8.502289077828646e-08,1072.85,0.0002398356899999,0.00055571841123,1.4399999999969992e-05,6.82176899e-07,1.399999999995849e-05,0.0008246362781289,0.01863097703,0.0194556133081289,0.20997282,1072.7512,-0.00055649262,-7.7420877e-07,0.00047697097,-9.2031871e-08,1.0300004,-0.00079632831,1.0300144,-0.019107948,56.779098,2.3674399,1072.8914,0.96930909,1072.9037,1072.8679,58.48247094,0.20997282,0.96930909,0.03069091,0.20887659,0.96873714,0.031262856,0.9809523809523808,124.4034,131.53072
108,Расчет 10 1000.csv,Расчет 10 1000,04/09/2026 09:33:27,DP 2,2,1.0,10,1000,9.866879223893613e-06,8.502289077828646e-08,1072.05,0.0007247099,0.0016792609758,4.3699999999979866e-05,2.06141737e-06,4.260000000000375e-05,0.0024923322931699,0.045863058,0.0483553902931699,0.20991785,1072.1567,-0.0016816005,-2.3395242e-06,0.001441318,-2.7810683e-07,1.0000011,-0.0024063104,1.0000437,-0.047304376,171.57039,2.3674399,1072.4542,0.96791227,1072.5183,1072.323,171.57039,0.20991785,0.96791227,0.03208773,0.2066131,0.96618406,0.033815939,0.9523809523809524,124.34653,131.68009
109,Расчет 10 1000.csv,Расчет 10 1000,04/09/2026 09:33:27,DP 3,3,0.95,10,1000,9.866879223893613e-06,8.502289077828646e-08,1069.55,0.0020560772999999,0.004763835543,0.00012513,5.84852739e-06,0.0001220699999999,0.00707296137039,0.0882634649,0.09533642627039,0.2097669,1070.3428,-0.0047704731,-6.637557e-06,0.0040888331,-7.8902961e-07,0.95000306,-0.0068265504,0.95012513,-0.092352298,486.76405,2.3674399,1071.1652,0.96407681,1071.4021,1070.6751,462.4258475,0.2097669,0.96407681,0.035923189,0.20044754,0.9591747,0.040825303,0.9047619047619048,124.1124,132.07355
110,Расчет 10 1000.csv,Расчет 10 1000,04/09/2026 09:33:27,DP 4,4,0.9,10,1000,9.866879223893613e-06,8.502289077828646e-08,1064.25,0.004399452,0.010183093398,0.0002721299999999,1.25142903e-05,0.0002655799999999,0.0151327696882999,0.1249064677,0.1400392373882999,0.20950107,1066.4891,-0.010197296,-1.4202602e-05,0.0087390823,-1.6883117e-06,0.90000655,-0.014596748,0.90027213,-0.13364555,1041.544,2.3674399,1068.4184,0.95732568,1069.0191,1067.1747,937.3896000000002,0.20950107,0.95732568,0.042674317,0.18975658,0.94684215,0.053157849,0.8571428571428572,123.66177,132.68693
111,Расчет 10 1000.csv,Расчет 10 1000,04/09/2026 09:33:27,DP 5,5,0.85,10,1000,9.866879223893613e-06,8.502289077828646e-08,1054.85,0.008072527,0.01863909668,0.0005112099999999,2.29624457e-05,0.0004991899999999,0.0277449861256999,0.154045726,0.1817907121256999,0.20908407,1059.7483,-0.018665157,-2.606032e-05,0.015990564,-3.0978743e-06,0.85001202,-0.026737684,0.85051121,-0.17003629,1911.1224,2.3674399,1063.714,0.94674323,1064.9817,1061.0942,1624.4540399999998,0.20908407,0.94674323,0.053256767,0.17345803,0.92753037,0.072469626,0.8095238095238094,122.92373,133.54837
112,Расчет 10 1000.csv,Расчет 10 1000,04/09/2026 09:33:27,DP 6,6,0.8,10,1000,9.866879223893613e-06,8.502289077828646e-08,1039.85,0.01306965,0.030005380432,0.0008559499999999,3.71770217e-05,0.0008365,0.0448046574536999,0.17593619,0.2207408474536999,0.20851608,1048.9713,-0.030047573,-4.2192568e-05,0.0257204,-5.0155463e-06,0.80001945,-0.043117223,0.80085595,-0.20165659,3094.1613,2.3674399,1056.1742,0.93234521,1058.4967,1051.3925,2475.3290400000005,0.20851608,0.93234521,0.067654794,0.15278949,0.90128754,0.098712462,0.7619047619047618,121.73921,134.48094
113,Расчет 10 1000.csv,Расчет 10 1000,04/09/2026 09:33:27,DP 7,7,0.75,10,1000,9.866879223893613e-06,8.502289077828646e-08,1018.05,0.0189623499999999,0.043003831579,0.0013077299999999,5.39395266e-05,0.0012795099999999,0.0646073611055998,0.193576669,0.2581840301055998,0.20784532,1033.0023,-0.043065048,-6.1216421e-05,0.036794471,-7.2768944e-06,0.75002822,-0.062027398,0.75130773,-0.23037114,4489.2223,2.3674399,1044.6798,0.9153657,1048.4579,1036.9637,3366.916725,0.20784532,0.9153657,0.084634298,0.13368434,0.87033261,0.12966739,0.7142857142857143,120.02271,135.10714
114,Расчет 10 1000.csv,Расчет 10 1000,04/09/2026 09:33:27,DP 8,8,0.7,10,1000,9.866879223893613e-06,8.502289077828646e-08,989.95,0.0252847739999999,0.05613719734,0.00186101,7.19255047e-05,0.00182338,0.0851782868447001,0.2104513419999999,0.2956296288447,0.20712446,1012.2779,-0.056218826,-8.162866e-05,0.047874178,-9.7031553e-06,0.70003763,-0.0815036,0.70186101,-0.25832552,5986.0171,2.3674399,1029.6233,0.89714686,1035.2416,1018.2776,4190.21197,0.20712446,0.89714686,0.10285314,0.12353089,0.83708776,0.16291223,0.6666666666666665,117.86563,135.25803
115,Расчет 10 1000.csv,Расчет 10 1000,04/09/2026 09:33:27,DP 9,9,0.65,10,1000,9.866879223893613e-06,8.502289077828646e-08,956.45,0.0322475079999999,0.06969046406,0.0025046699999999,9.1732788e-05,0.00245667,0.106991044848,0.2258033109999999,0.332794355848,0.20632918,988.13279,-0.069794572,-0.00010410794,0.059181689,-1.2375152e-05,0.650048,-0.10204208,0.65250467,-0.284985,7634.405,2.3674399,1012.663,0.87708177,1020.5737,996.80741,4962.36325,0.20632918,0.87708177,0.12291823,0.11681167,0.80049766,0.19950234,0.619047619047619,115.35404,135.18155
116,Расчет 10 1000.csv,Расчет 10 1000,04/09/2026 09:33:27,DP 10,10,0.6,10,1000,9.866879223893613e-06,8.502289077828646e-08,919.75,0.039720201,0.08345627615,0.00321979,0.000112990011,0.00316067,0.1296699271610001,0.240201621,0.3698715481610002,0.205474,962.878,-0.083584509,-0.00012823285,0.070557249,-1.5242839e-05,0.60005912,-0.12330471,0.60321979,-0.31075887,9403.5211,2.3674399,996.1976,0.85554614,1006.8486,974.93703,5642.11266,0.205474,0.85554614,0.14445386,0.11143978,0.76133501,0.23866499,0.5714285714285714,112.88827,135.12571
117,Расчет 10 1000.csv,Расчет 10 1000,04/09/2026 09:33:27,DP 11,11,0.55,10,1000,9.866879223893613e-06,8.502289077828646e-08,878.55,0.0476843,0.0971780664899999,0.0040036499999999,0.0001356444319999,0.0039326799999999,0.1529343409219998,0.2541783039999999,0.4071126449219998,0.20456071,935.45878,-0.09733201,-0.00015394351,0.081768486,-1.8299078e-05,0.55007097,-0.14501631,0.55400365,-0.33594679,11288.967,2.3674399,979.34772,0.83259367,993.20312,951.72918,6208.931850000001,0.20456071,0.83259367,0.16740633,0.10684125,0.71970451,0.28029549,0.523809523809524,110.29729,134.951
118,Расчет 10 1000.csv,Расчет 10 1000,04/09/2026 09:33:27,DP 12,12,0.5,10,1000,9.866879223893613e-06,8.502289077828646e-08,831.65,0.0561553699999999,0.1106949094499999,0.0048571699999999,0.000159740676,0.0047735899999999,0.1766407801259999,0.2680444669999999,0.4446852471259998,0.20358714,904.99148,-0.1108762,-0.00018129055,0.092662773,-2.1549874e-05,0.50008358,-0.16703157,0.50485717,-0.36070724,13294.437,2.3674399,961.46105,0.80817931,979.0063,926.43805,6647.2185,0.20358714,0.80817931,0.19182069,0.10268078,0.67551965,0.32448035,0.4761904761904761,107.50968,134.55396
119,Расчет 10 1000.csv,Расчет 10 1000,04/09/2026 09:33:27,DP 13,13,0.4,10,1000,9.866879223893613e-06,8.502289077828646e-08,730.95,0.07371054,0.1371975767,0.0066722199999999,0.0002096765549999,0.0065625199999999,0.2243525332549999,0.29632122,0.5206737532549998,0.20156256,844.49468,-0.13743554,-0.0002379633,0.11383644,-2.8286745e-05,0.4001097,-0.21114608,0.40667222,-0.41015766,17450.515,2.3674399,931.87908,0.75758249,957.92938,878.93839,6980.206,0.20156256,0.75758249,0.24241751,0.09541854,0.58501583,0.41498417,0.380952380952381,102.45013,134.17362
120,Расчет 10 1000.csv,Расчет 10 1000,04/09/2026 09:33:27,DP 14,14,0.3,10,1000,9.866879223893613e-06,8.502289077828646e-08,620.3499999999999,0.0915436799999999,0.16331934667,0.00856234,0.000260403037,0.0084260999999999,0.2721118697069999,0.32523325,0.5973451197069998,0.19949631,783.62295,-0.16361488,-0.00029553333,0.13470892,-3.5130293e-05,0.30013624,-0.25515856,0.30856234,-0.45994217,21672.399,2.3674399,909.97331,0.70618455,945.642,835.63364,6501.719700000001,0.19949631,0.70618455,0.29381545,0.089011302,0.49502162,0.50497838,0.2857142857142857,97.963265,134.28452
121,Расчет 2 2000.csv,Расчет 2 2000,04/03/2026 14:54:05,DP 0,0,1.05,1,1000,9.866879223893614e-07,8.502289077828646e-08,1073.15,1.424595000000003e-12,-6.1464349771e-11,0.0,2.0095563499999998e-14,0.0,-6.00196592075e-11,2.797708999999999e-11,-3.2042569207500005e-11,0.21,1073.1489,6.1441064e-11,-2.3285771e-14,1e-10,-3.1902075e-15,1.05,6.0016469e-11,1.05,-1.2797709e-10,-7.9543847e-06,2.3705672,1073.1489,0.97,1073.149,1073.1489,-8.352103935000001e-06,0.21,0.97,0.03,0.21,0.97,0.03,1.0,8.0224782,131.4613
122,Расчет 2 2000.csv,Расчет 2 2000,04/03/2026 14:54:05,DP 1,1,1.03,1,1000,9.866879223893614e-07,8.502289077828646e-08,1072.85,0.00023882174,0.00055525938979,1.4399999999969992e-05,6.813940180000002e-07,1.399999999995849e-05,0.0008231625238079,0.0186329467199999,0.0194561092438079,0.20972839,1073.3788,-0.00055603271,-7.7332021e-07,0.00047683528,-9.1926192e-08,1.0300004,-0.00079485445,1.0300144,-0.019109782,56.714365,2.3747862,1073.3495,0.96930988,1073.3921,1073.2384,58.41579595,0.20972839,0.96930988,0.030690125,0.20863003,0.96873876,0.031261244,0.9809523809523808,8.0153169,131.58619
123,Расчет 2 2000.csv,Расчет 2 2000,04/03/2026 14:54:05,DP 2,2,1.0,1,1000,9.866879223893614e-07,8.502289077828646e-08,1072.05,0.0007177977999999,0.0016760372,4.350000000008514e-05,2.05505228e-06,4.240000000010902e-05,0.0024817900522801,0.0458766929,0.0483584829522801,0.2091803,1073.8316,-0.0016783695,-2.3323e-06,0.0014402991,-2.7724772e-07,1.0000011,-0.0023961673,1.0000435,-0.047316992,171.04166,2.382877,1073.7335,0.9679187,1073.8767,1073.3594,171.04166,0.2091803,0.9679187,0.032081302,0.20587667,0.96619797,0.033802034,0.9523809523809524,8.0130754,131.83468
124,Расчет 2 2000.csv,Расчет 2 2000,04/03/2026 14:54:05,DP 3,3,0.95,1,1000,9.866879223893614e-07,8.502289077828646e-08,1069.55,0.0019980117999999,0.0047361293958,0.0001239299999999,5.79252988e-06,0.0001208999999999,0.0069847637256799,0.0883792576,0.0953640213256799,0.2076852,1075.4782,-0.0047427034,-6.5740042e-06,0.0040796574,-7.8147432e-07,0.95000303,-0.0067407152,0.95012393,-0.092458915,482.10556,2.4129669,1075.1522,0.96413348,1075.6279,1073.9082,458.000282,0.2076852,0.96413348,0.035866516,0.1984408,0.9592976,0.040702397,0.9047619047619045,8.0094765,132.55258
125,Расчет 2 2000.csv,Расчет 2 2000,04/03/2026 14:54:05,DP 4,4,0.9,1,1000,9.866879223893614e-07,8.502289077828646e-08,1064.25,0.004118773,0.0100513835249999,0.0002661199999999,1.22383863e-05,0.0002597199999999,0.0147082349112998,0.1254614596,0.1401696945112998,0.20509335,1078.7481,-0.010065273,-1.3889475e-05,0.0086969804,-1.6510887e-06,0.9000064,-0.014184046,0.90026612,-0.13415844,1018.5822,2.4732645,1077.9526,0.9576051,1079.1135,1074.9132,916.72398,0.20509335,0.9576051,0.042394904,0.18580692,0.94744271,0.052557294,0.8571428571428572,8.0070368,133.82218
126,Расчет 2 2000.csv,Расчет 2 2000,04/03/2026 14:54:05,DP 5,5,0.85,1,1000,9.866879223893614e-07,8.502289077828646e-08,1054.85,0.0071011089999999,0.018237003192,0.00049083,2.20473865e-05,0.00047929,0.0263302795785,0.155855992,0.1821862715785,0.20111654,1084.6306,-0.018262025,-2.5021808e-05,0.015898618,-2.9744215e-06,0.85001154,-0.025363134,0.85049083,-0.17175461,1834.9648,2.5850758,1083.0024,0.94767009,1085.3801,1076.7692,1559.7200799999998,0.20111654,0.94767009,0.052329906,0.16714427,0.92951931,0.070480692,0.8095238095238095,8.0103937,135.82606
127,Расчет 2 2000.csv,Расчет 2 2000,04/03/2026 14:54:05,DP 6,6,0.8,1,1000,9.866879223893614e-07,8.502289077828646e-08,1039.85,0.0105951499999999,0.029196077566,0.0008047399999999,3.49643911e-05,0.00078644,0.0414173719571,0.180108448,0.2215258199571,0.19581867,1093.019,-0.029235759,-3.9681434e-05,0.025700952,-4.7170429e-06,0.8000183,-0.039830909,0.80080474,-0.2058094,2910.0076,2.7497976,1090.128,0.93458668,1094.3573,1079.0256,2328.00608,0.19581867,0.93458668,0.065413324,0.14430292,0.90614122,0.093858778,0.761904761904762,8.0185873,138.48137
128,Расчет 2 2000.csv,Расчет 2 2000,04/03/2026 14:54:05,DP 7,7,0.75,1,1000,9.866879223893614e-07,8.502289077828646e-08,1018.05,0.014146573,0.041977701335,0.0012025399999999,4.97878503e-05,0.0011764899999999,0.0585530921852999,0.200585409,0.2591385011852999,0.18965181,1102.3664,-0.042034206,-5.6504665e-05,0.037303781,-6.7168147e-06,0.75002605,-0.056180779,0.75120254,-0.23788919,4143.6963,2.9372191,1097.8162,0.91957181,1104.4971,1080.2658,3107.772225,0.18965181,0.91957181,0.080428193,0.12307111,0.87963682,0.12036318,0.7142857142857144,8.0215942,141.40979
129,Расчет 2 2000.csv,Расчет 2 2000,04/03/2026 14:54:05,DP 8,8,0.7,2,2000,3.946751689557445e-06,1.7004578155657292e-07,989.95,0.0249083229999999,0.055095252689,0.00183428,7.08546211e-05,0.0017972099999999,0.0837059203101,0.212933979,0.2966398993101001,0.2028795,1030.3736,-0.055175666,-8.0413311e-05,0.046955471,-9.5586899e-06,0.70003707,-0.080083989,0.70183428,-0.25988945,5896.8943,2.3674399,1038.4855,0.93410587,1045.7295,1020.6033,4127.82601,0.2028795,0.93410587,0.065894129,0.12057054,0.87438597,0.12561402,0.6666666666666666,36.830593,263.8282
130,Расчет 2 2000.csv,Расчет 2 2000,04/03/2026 14:54:05,DP 9,9,0.65,1,1000,9.866879223893614e-07,8.502289077828646e-08,956.45,0.0202029319999999,0.069529259045,0.00220659,8.1548652e-05,0.0021639199999999,0.094184249697,0.2384375979999999,0.332621847697,0.17611602,1123.6752,-0.069621809,-9.2549955e-05,0.062840842,-1.1001303e-05,0.65004267,-0.089824741,0.65220659,-0.30127844,6786.8566,3.3899221,1114.8058,0.88740084,1127.9591,1080.2661,4411.45679,0.17611602,0.88740084,0.11259916,0.099870611,0.82382886,0.17617114,0.619047619047619,8.0271291,147.54594
131,Расчет 2 2000.csv,Расчет 2 2000,04/03/2026 14:54:05,DP 10,10,0.6,1,1000,9.866879223893614e-07,8.502289077828646e-08,919.75,0.0220408629999999,0.08468474682,0.00279092,9.8836678e-05,0.0027392099999999,0.112354576498,0.255719166,0.368073742498,0.16855652,1139.835,-0.084796917,-0.00011217018,0.077377624,-1.3333502e-05,0.60005171,-0.10683778,0.60279092,-0.33309679,8225.6175,3.7864082,1128.2826,0.86988857,1145.4718,1083.0269,4935.3705,0.16855652,0.86988857,0.13011143,0.091282752,0.79427405,0.20572595,0.5714285714285712,8.0546362,151.35329
132,Расчет 2 2000.csv,Расчет 2 2000,04/03/2026 14:54:05,DP 11,11,0.55,1,1000,9.866879223893614e-07,8.502289077828646e-08,878.55,0.0230674199999999,0.10063098085,0.0034196899999999,0.0001169077539999,0.00335852,0.130593518604,0.272179375,0.402772893604,0.16050458,1159.053,-0.10076366,-0.00013267915,0.092972445,-1.5771396e-05,0.55006117,-0.12383108,0.55341969,-0.36515182,9729.581,4.3107438,1144.5094,0.85158265,1166.2014,1087.1204,5351.269550000001,0.16050458,0.85158265,0.14841735,0.083383972,0.76414173,0.23585827,0.5238095238095238,8.1002219,155.57536
133,Расчет 2 2000.csv,Расчет 2 2000,04/03/2026 14:54:05,DP 12,12,0.5,1,1000,9.866879223893614e-07,8.502289077828646e-08,831.65,0.0235241099999999,0.11713501126,0.00408611,0.000135596134,0.00401516,0.148895987394,0.28804711,0.436943097394,0.15201134,1180.1058,-0.1172889,-0.00015388874,0.109315,-1.8292606e-05,0.50007095,-0.14081301,0.50408611,-0.39736211,11284.955,4.9489109,1162.2997,0.83265125,1188.9076,1091.4141,5642.4775,0.15201134,0.83265125,0.16734875,0.075903225,0.73381564,0.26618436,0.4761904761904761,8.1552325,160.04866
134,Расчет 2 2000.csv,Расчет 2 2000,04/03/2026 14:54:05,DP 13,13,0.4,1,1000,9.866879223893614e-07,8.502289077828646e-08,730.95,0.0219832199999999,0.15174567671,0.0054779199999999,0.000173559111,0.0053871099999999,0.1847674858209999,0.31893465,0.5037021358209998,0.13421913,1233.4096,-0.15194265,-0.00019697329,0.14441562,-2.3414179e-05,0.40009081,-0.17392587,0.40547792,-0.46335027,14444.525,6.9394095,1208.6322,0.79419593,1245.7349,1107.741,5777.81,0.13421913,0.79419593,0.20580407,0.062068922,0.67575912,0.32424088,0.380952380952381,8.3182497,170.53995
135,Расчет 2 2000.csv,Расчет 2 2000,04/03/2026 14:54:05,DP 14,14,0.3,1,1000,9.866879223893614e-07,8.502289077828646e-08,620.3499999999999,0.01896486,0.18746551966,0.0068688199999999,0.000210458102,0.00675871,0.2202683677619999,0.3490552,0.569323567762,0.11619496,1296.0062,-0.18770437,-0.00023885034,0.18112356,-2.8392238e-05,0.30011011,-0.20666923,0.30686882,-0.53017876,17515.529,10.017137,1264.0456,0.75682125,1311.9243,1130.3665,5254.658699999999,0.11619496,0.75682125,0.24317875,0.049620132,0.62400633,0.37599367,0.2857142857142857,8.5308556,182.27317
136,Расчет 3 1000.csv,Расчет 3 1000,04/09/2026 14:36:07,DP 0,0,1.05,3,1000,2.960063767168084e-06,8.502289077828646e-08,1073.15,1.4250349999999985e-12,-6.1463300703e-11,0.0,2.3326154799999998e-14,0.0,-6.00149395482e-11,2.799714999999999e-11,-3.2017789548200005e-11,0.21,1073.1351,6.1436258e-11,-2.7042703e-14,1e-10,-3.7165482e-15,1.05,6.0011223e-11,1.05,-1.2799715e-10,-7.8994725e-06,2.3703346,1073.1378,0.97,1073.1402,1073.1372,-8.294446125e-06,0.21,0.97,0.03,0.21,0.97,0.03,1.0,27.377387,131.45996
137,Расчет 3 1000.csv,Расчет 3 1000,04/09/2026 14:36:07,DP 1,1,1.03,3,1000,2.960063767168084e-06,8.502289077828646e-08,1072.85,0.00023945957,0.00055551935487,1.4399999999969992e-05,6.817771919999999e-07,1.399999999995849e-05,0.0008240607020619,0.01863176796,0.0194558286620619,0.20990943,1073.0825,-0.00055629311,-7.7375513e-07,0.00047689204,-9.1977938e-08,1.0300004,-0.00079575268,1.0300144,-0.01910866,56.746275,2.3697918,1073.112,0.96930949,1073.1415,1073.0465,58.44866325,0.20990943,0.96930949,0.030690512,0.20880875,0.96873788,0.031262115,0.9809523809523808,27.366341,131.55742
138,Расчет 3 1000.csv,Расчет 3 1000,04/09/2026 14:36:07,DP 2,2,1.0,3,1000,2.960063767168084e-06,8.502289077828646e-08,1072.05,0.0007236473999999,0.0016783897787,4.359999999992148e-05,2.05868349e-06,4.249999999994536e-05,0.0024901958621898,0.0458659421999999,0.0483561380621898,0.20972647,1072.8719,-0.0016807262,-2.3364213e-06,0.0014407878,-2.7773781e-07,1.0000011,-0.0024043736,1.0000436,-0.04730673,171.34419,2.3677935,1072.9651,0.96791502,1073.0662,1072.7379,171.34419,0.20972647,0.96791502,0.032084982,0.20641113,0.96618961,0.033810388,0.9523809523809524,27.350936,131.74178
139,Расчет 3 1000.csv,Расчет 3 1000,04/09/2026 14:36:07,DP 3,3,0.95,3,1000,2.960063767168084e-06,8.502289077828646e-08,1069.55,0.0020480508,0.0047563973042,0.00012463,5.82565269e-06,0.00012158,0.0070564837568901,0.0882870155,0.0953434992568901,0.2092255,1072.3323,-0.0047630089,-6.6115958e-06,0.0040839725,-7.8594311e-07,0.95000305,-0.0068110597,0.95012463,-0.092370988,484.86312,2.3674399,1072.6375,0.96409994,1072.9768,1071.8727,460.619964,0.2092255,0.96409994,0.035900065,0.19990435,0.95922291,0.040777093,0.9047619047619045,27.320819,132.25006
140,Расчет 3 1000.csv,Расчет 3 1000,04/09/2026 14:36:07,DP 4,4,0.9,3,1000,2.960063767168084e-06,8.502289077828646e-08,1064.25,0.004358093,0.010142762956,0.00026954,1.23966091e-05,0.00026305,0.0150458425651,0.1250318012,0.1400776437651,0.20835011,1071.1314,-0.010156832,-1.4069044e-05,0.0087120388,-1.6724349e-06,0.90000649,-0.014514925,0.90026954,-0.13374384,1031.7519,2.3674399,1071.8801,0.95744484,1072.7162,1069.9933,928.57671,0.20835011,0.95744484,0.042555157,0.18872982,0.9470906,0.052909398,0.8571428571428571,27.259819,133.09666
141,Расчет 3 1000.csv,Расчет 3 1000,04/09/2026 14:36:07,DP 5,5,0.85,3,1000,2.960063767168084e-06,8.502289077828646e-08,1054.85,0.007923303,0.018495922434,0.0005015099999999,2.25379608e-05,0.0004897199999999,0.0274329933947999,0.154493172,0.1819261653947999,0.2069953,1069.1609,-0.018521501,-2.5578566e-05,0.015895278,-3.0406052e-06,0.85001179,-0.026444804,0.85050151,-0.17038845,1875.7945,2.3674399,1070.715,0.94717319,1072.4476,1066.8023,1594.425325,0.2069953,0.94717319,0.05282681,0.17198022,0.92842539,0.07157461,0.8095238095238094,27.165563,134.36342
142,Расчет 3 1000.csv,Расчет 3 1000,04/09/2026 14:36:07,DP 6,6,0.8,3,1000,2.960063767168084e-06,8.502289077828646e-08,1039.85,0.0126779229999999,0.029667905102,0.0008288699999999,3.60626867e-05,0.0008099999999999,0.0440207607886999,0.1770342339999999,0.2210549947886999,0.20518132,1065.74,-0.029708833,-4.0927898e-05,0.025508266,-4.8652113e-06,0.80001887,-0.042386756,0.80082887,-0.2025425,3001.4217,2.3674399,1068.5537,0.93347399,1071.6748,1061.5022,2401.13736,0.20518132,0.93347399,0.066526014,0.15114097,0.90364528,0.096354715,0.761904761904762,27.009866,135.9036
143,Расчет 3 1000.csv,Расчет 3 1000,04/09/2026 14:36:07,DP 7,7,0.75,3,1000,2.960063767168084e-06,8.502289077828646e-08,1018.05,0.018186908,0.0424988689779999,0.0012476,5.17337008e-05,0.0012205299999999,0.0632056406788,0.195427081,0.2586327216788,0.2030692,1059.6454,-0.042557582,-5.8713022e-05,0.036536139,-6.9793212e-06,0.75002707,-0.06074449,0.7512476,-0.23196322,4305.6416,2.3674399,1064.1775,0.91760039,1069.1725,1052.9037,3229.2312,0.2030692,0.91760039,0.08239961,0.13165569,0.87505942,0.12494058,0.7142857142857143,26.795407,137.34659
144,Расчет 3 1000.csv,Расчет 3 1000,04/09/2026 14:36:07,DP 8,8,0.7,3,1000,2.960063767168084e-06,8.502289077828646e-08,989.95,0.023960471,0.055543118891,0.00174817,6.815816220000001e-05,0.00171251,0.0830324280532001,0.213076351,0.2961087790532001,0.20084364,1050.9397,-0.055620472,-7.7353109e-05,0.047697849,-9.1949468e-06,0.70003566,-0.079580943,0.70174817,-0.2607742,5672.496,2.3674399,1057.6066,0.9009636,1064.9059,1041.1742,3970.7472,0.20084364,0.9009636,0.099036395,0.12043947,0.84522195,0.15477804,0.6666666666666665,26.522381,138.48387
145,Расчет 3 1000.csv,Расчет 3 1000,04/09/2026 14:36:07,DP 9,9,0.65,3,1000,2.960063767168084e-06,8.502289077828646e-08,956.45,0.030118574,0.068996643225,0.0023149299999999,8.5676612e-05,0.0022700999999999,0.1037859238369998,0.229493394,0.3332793178369998,0.19845624,1041.301,-0.069093878,-9.7234775e-05,0.059153616,-1.1558163e-05,0.65004483,-0.099212452,0.65231493,-0.28864701,7130.3928,2.3674399,1050.6007,0.88321797,1060.6899,1027.8974,4634.75532,0.19845624,0.88321797,0.11678203,0.11307036,0.81359748,0.18640252,0.619047619047619,26.205124,139.56979
146,Расчет 3 1000.csv,Расчет 3 1000,04/09/2026 14:36:07,DP 10,10,0.6,3,1000,2.960063767168084e-06,8.502289077828646e-08,919.75,0.0365455279999999,0.08277918824,0.0029267,0.00010395922,0.0028723099999999,0.12522768546,0.244975786,0.3702034714600001,0.19594943,1032.9389,-0.082897172,-0.00011798376,0.070862604,-1.402454e-05,0.60005439,-0.1194427,0.6029267,-0.31583839,8651.9362,2.3674399,1045.3876,0.86469706,1058.7235,1015.3233,5191.16172,0.19594943,0.86469706,0.13530294,0.10707851,0.78089762,0.21910238,0.5714285714285714,25.935144,140.85423
147,Расчет 3 1000.csv,Расчет 3 1000,04/09/2026 14:36:07,DP 11,11,0.55,3,1000,2.960063767168084e-06,8.502289077828646e-08,878.55,0.043204149,0.09667453078,0.0035780899999999,0.0001229004,0.00351379,0.14709346018,0.259998565,0.40709202518,0.19333577,1024.8166,-0.096814011,-0.00013948022,0.082624745,-1.657982e-05,0.5500643,-0.14001816,0.55357809,-0.34262331,10228.325,2.3674399,1040.9591,0.84550816,1057.9935,1002.4143,5625.578750000001,0.19333577,0.84550816,0.15449184,0.10190689,0.74734199,0.25265801,0.5238095238095237,25.681463,142.19351
148,Расчет 3 1000.csv,Расчет 3 1000,04/09/2026 14:36:07,DP 12,12,0.5,3,1000,2.960063767168084e-06,8.502289077828646e-08,831.65,0.05009382,0.11052133796,0.00426769,0.0001424983069999,0.0041931300000001,0.1692184762670001,0.2748697679999999,0.4440882442670001,0.19061368,1016.1372,-0.11068306,-0.00016172204,0.094301532,-1.9223733e-05,0.50007456,-0.16077688,0.50426769,-0.3691713,11859.405,2.3674399,1036.5552,0.82565339,1057.7443,988.35475,5929.7025,0.19061368,0.82565339,0.17434661,0.097233049,0.71294827,0.28705173,0.4761904761904761,25.419871,143.48175
149,Расчет 3 1000.csv,Расчет 3 1000,04/09/2026 14:36:07,DP 13,13,0.4,3,1000,2.960063767168084e-06,8.502289077828646e-08,730.95,0.0638522,0.13806650212,0.0056798499999999,0.000181634317,0.0055848199999999,0.2133650064369999,0.30499773,0.518362736437,0.1851226,1004.9491,-0.13827264,-0.00020613788,0.11756023,-2.4503563e-05,0.40009503,-0.20212484,0.40567985,-0.42255796,15116.613,2.3674399,1035.5398,0.78600398,1066.0232,965.19395,6046.6452,0.1851226,0.78600398,0.21399602,0.089171908,0.64581054,0.35418946,0.380952380952381,25.090924,146.81935
150,Расчет 3 1000.csv,Расчет 3 1000,04/09/2026 14:36:07,DP 14,14,0.3,3,1000,2.960063767168084e-06,8.502289077828646e-08,620.3499999999999,0.07652606,0.16599261528,0.00713684,0.000220859298,0.00702129,0.256897664578,0.33546399,0.592361654578,0.17954439,1001.0923,-0.16624327,-0.00025065472,0.14160567,-2.9795422e-05,0.30011555,-0.24276933,0.30713684,-0.47706966,18381.242,2.3968103,1044.0489,0.74626194,1085.4891,947.86116,5514.3726,0.17954439,0.74626194,0.25373806,0.081754205,0.57691043,0.42308957,0.2857142857142857,24.981035,151.12575
151,Расчет 3 333.csv,Расчет 3 333,04/01/2026 16:20:31,DP 0,0,1.05,1,1000,9.866879223893614e-07,8.502289077828646e-08,1073.15,1.4262889999999986e-12,-6.145815769e-11,0.0,2.01908181e-14,0.0,-6.00116778719e-11,2.812942e-11,-3.18822578719e-11,0.21,1073.1489,6.1434762e-11,-2.339569e-14,1e-10,-3.2048719e-15,1.05,6.0008473e-11,1.05,-1.2812942e-10,-7.9504185e-06,2.3705672,1073.1489,0.97,1073.149,1073.1489,-8.347939425e-06,0.21,0.97,0.03,0.21,0.97,0.03,1.0,8.0225938,131.4613
152,Расчет 3 333.csv,Расчет 3 333,04/01/2026 16:20:31,DP 1,1,1.03,1,1000,9.866879223893614e-07,8.502289077828646e-08,1072.85,0.0002388024699999,0.00055525540513,1.4399999999969992e-05,6.81389513e-07,1.399999999995849e-05,0.0008231392646429,0.01863297556,0.0194561148246429,0.20972839,1073.3873,-0.00055602872,-7.7331487e-07,0.00047683744,-9.1925357e-08,1.0300004,-0.00079483119,1.0300144,-0.019109813,56.713682,2.3749479,1073.3572,0.96930988,1073.4006,1073.2443,58.41509246,0.20972839,0.96930988,0.030690118,0.20863001,0.96873877,0.031261227,0.9809523809523808,8.0187238,131.58713
153,Расчет 3 333.csv,Расчет 3 333,04/01/2026 16:20:31,DP 2,2,1.0,1,1000,9.866879223893614e-07,8.502289077828646e-08,1072.05,0.0007177398999999,0.0016760237253,4.350000000008514e-05,2.05503e-06,4.240000000010902e-05,0.0024817186553001,0.0458767829,0.0483585015553002,0.20918031,1073.8401,-0.001678356,-2.3322747e-06,0.0014403041,-2.772447e-07,1.0000011,-0.0023960959,1.0000435,-0.047317087,171.03917,2.3830377,1073.7411,0.96791872,1073.8851,1073.3652,171.03917,0.20918031,0.96791872,0.032081278,0.20587661,0.96619802,0.033801981,0.9523809523809524,8.0171426,131.83562
154,Расчет 3 333.csv,Расчет 3 333,04/01/2026 16:20:31,DP 3,3,0.95,1,1000,9.866879223893614e-07,8.502289077828646e-08,1069.55,0.0019978625999999,0.0047360886711,0.0001239299999999,5.79246358e-06,0.0001208999999999,0.0069845737346799,0.088379501,0.0953640747346799,0.20768522,1075.4858,-0.0047426626,-6.5739289e-06,0.004079664,-7.8146532e-07,0.95000303,-0.0067405252,0.95012393,-0.092459165,482.09845,2.4131143,1075.1592,0.96413355,1075.6355,1073.9135,457.9935275,0.20768522,0.96413355,0.035866446,0.19844048,0.95929775,0.040702245,0.9047619047619048,8.0150597,132.55342
155,Расчет 3 333.csv,Расчет 3 333,04/01/2026 16:20:31,DP 4,4,0.9,1,1000,9.866879223893614e-07,8.502289077828646e-08,1064.25,0.004118459,0.010051290697,0.0002661199999999,1.2238234699999998e-05,0.0002597199999999,0.0147078279316998,0.1254619823,0.1401698102316998,0.20509341,1078.7556,-0.01006518,-1.3889303e-05,0.0086969877,-1.6510683e-06,0.9000064,-0.014183639,0.90026612,-0.13415897,1018.5662,2.4734176,1077.9596,0.95760525,1079.1212,1074.9186,916.70958,0.20509341,0.95760525,0.042394745,0.18580608,0.94744304,0.052556954,0.8571428571428572,8.0133363,133.82304
156,Расчет 3 333.csv,Расчет 3 333,04/01/2026 16:20:31,DP 5,5,0.85,1,1000,9.866879223893614e-07,8.502289077828646e-08,1054.85,0.007100451,0.018236823551,0.00049082,2.20470703e-05,0.0004792799999999,0.0263294216212999,0.155857061,0.1821864826213,0.20111668,1084.6396,-0.018261845,-2.5021449e-05,0.015898649,-2.9743787e-06,0.85001154,-0.025362296,0.85049082,-0.17175571,1834.9314,2.5852721,1083.0111,0.94767042,1085.3896,1076.776,1559.69169,0.20111668,0.94767042,0.052329577,0.16714282,0.92952001,0.070479987,0.8095238095238095,8.0167819,135.82712
157,Расчет 3 333.csv,Расчет 3 333,04/01/2026 16:20:31,DP 6,6,0.8,1,1000,9.866879223893614e-07,8.502289077828646e-08,1039.85,0.0105942619999999,0.029195858121,0.0008047299999999,3.49639046e-05,0.00078643,0.0414162440255999,0.180109841,0.2215260850255999,0.19581886,1093.0271,-0.029235539,-3.9680879e-05,0.025701019,-4.7169744e-06,0.8000183,-0.039829801,0.80080473,-0.20581086,2909.9611,2.7499887,1090.1361,0.93458712,1094.3661,1079.0319,2327.96888,0.19581886,0.93458712,0.065412882,0.1443013,0.90614216,0.093857837,0.7619047619047618,8.0239184,138.48235
158,Расчет 3 333.csv,Расчет 3 333,04/01/2026 16:20:31,DP 7,7,0.75,1,1000,9.866879223893614e-07,8.502289077828646e-08,1018.05,0.0141449529999999,0.041977403206,0.00120253,4.9787085200000005e-05,0.00117648,0.0585511532912,0.200587727,0.2591388802912,0.18965217,1102.3776,-0.042033907,-5.6503794e-05,0.037304013,-6.7167088e-06,0.75002605,-0.05617886,0.75120253,-0.23789174,4143.616,2.9375043,1097.8277,0.91957254,1104.5095,1080.2749,3107.712,0.18965217,0.91957254,0.080427457,0.12306903,0.87963841,0.12036159,0.7142857142857143,8.0268933,141.41119
159,Расчет 3 333.csv,Расчет 3 333,04/01/2026 16:20:31,DP 8,8,0.7,3,333,9.857012344669716e-07,2.831262262916939e-08,989.95,0.0114343849999999,0.058778975347,0.00156544,6.198714160000001e-05,0.0015330099999999,0.0733737974885999,0.219354909,0.2927287064886,0.18447909,1157.6247,-0.058849325,-7.0349653e-05,0.054959611,-8.3625114e-06,0.70003243,-0.07028371,0.70156544,-0.27431452,5158.9914,4.5342725,1151.8108,0.78148071,1160.7707,1132.0294,3611.29398,0.18447909,0.78148071,0.21851929,0.11320014,0.73681072,0.26318928,0.6666666666666665,8.3609323,54.220467
160,Расчет 3 333.csv,Расчет 3 333,04/01/2026 16:20:31,DP 9,9,0.65,1,1000,9.866879223893614e-07,8.502289077828646e-08,956.45,0.0202011319999999,0.069528799241,0.0022065799999999,8.1547599e-05,0.0021639099999999,0.0941819688399999,0.2384404129999999,0.3326223818399998,0.17611648,1123.6825,-0.069621348,-9.2548759e-05,0.062840977,-1.100116e-05,0.65004267,-0.08982248,0.65220658,-0.30128139,6786.7426,3.3901707,1114.8147,0.88740191,1127.9685,1080.2734,4411.38269,0.17611648,0.88740191,0.11259809,0.099867101,0.82383119,0.17616881,0.619047619047619,8.0326923,147.54704
161,Расчет 3 333.csv,Расчет 3 333,04/01/2026 16:20:31,DP 10,10,0.6,1,1000,9.866879223893614e-07,8.502289077828646e-08,919.75,0.0220402029999999,0.08468315898,0.0027908899999999,9.8834775e-05,0.0027391799999999,0.1123522667549999,0.255723098,0.3680753647549999,0.16855715,1139.8315,-0.084795327,-0.00011216802,0.077376232,-1.3333245e-05,0.60005171,-0.10683553,0.60279089,-0.33309933,8225.4515,3.7864385,1128.2837,0.86989048,1145.472,1083.0287,4935.2709,0.16855715,0.86989048,0.13010952,0.091277813,0.79427713,0.20572287,0.5714285714285714,8.0615194,151.35324
162,Расчет 3 333.csv,Расчет 3 333,04/01/2026 16:20:31,DP 11,11,0.55,1,1000,9.866879223893614e-07,8.502289077828646e-08,878.55,0.02306756,0.10062798424,0.0034196599999999,0.000116904767,0.0033584899999999,0.1305905990069999,0.272185349,0.4027759480069999,0.16050551,1159.0405,-0.10076066,-0.00013267576,0.092969361,-1.5770993e-05,0.55006117,-0.12382822,0.55341966,-0.36515471,9729.3424,4.3105941,1144.5051,0.85158562,1166.1951,1087.1186,5351.13832,0.16050551,0.85158562,0.14841438,0.083375487,0.76414637,0.23585363,0.5238095238095238,8.1072422,155.57448
163,Расчет 3 333.csv,Расчет 3 333,04/01/2026 16:20:31,DP 12,12,0.5,1,1000,9.866879223893614e-07,8.502289077828646e-08,831.65,0.02352427,0.1171329435099999,0.00408609,0.000135594151,0.00401515,0.1488940476610001,0.2880511999999999,0.436945247661,0.15201203,1180.0975,-0.11728683,-0.00015388649,0.10931284,-1.8292339e-05,0.50007094,-0.1408111,0.50408609,-0.39736404,11284.796,4.9487954,1162.2967,0.83265324,1188.9033,1091.4126,5642.398,0.15201203,0.83265324,0.16734676,0.075898092,0.73381877,0.26618123,0.4761904761904761,8.1604747,160.04807
164,Расчет 3 333.csv,Расчет 3 333,04/01/2026 16:20:31,DP 13,13,0.4,1,1000,9.866879223893614e-07,8.502289077828646e-08,730.95,0.02198321,0.15174502749,0.0054779199999999,0.000173558424,0.0053871099999999,0.1847668259139999,0.31893603,0.503702855914,0.13421902,1233.4082,-0.151942,-0.00019697251,0.14441495,-2.3414086e-05,0.40009081,-0.17392521,0.40547792,-0.46335098,14444.471,6.9393812,1208.6316,0.79419661,1245.734,1107.7408,5777.7884,0.13421902,0.79419661,0.20580339,0.062068563,0.6757599,0.3242401,0.3809523809523809,8.3214361,170.53983
165,Расчет 3 333.csv,Расчет 3 333,04/01/2026 16:20:31,DP 14,14,0.3,1,1000,9.866879223893614e-07,8.502289077828646e-08,620.3499999999999,0.01896531,0.18746116323,0.0068688199999999,0.000210454958,0.00675871,0.220264458188,0.3490636099999999,0.569328068188,0.11619573,1295.9905,-0.18770001,-0.00023884677,0.18111898,-2.8391812e-05,0.30011011,-0.20666532,0.30686882,-0.53018259,17515.291,10.016698,1264.0387,0.75682435,1311.9153,1130.3626,5254.5873,0.11619573,0.75682435,0.24317565,0.049614761,0.62400996,0.37599004,0.2857142857142857,8.5348261,182.27193
166,Расчет 5 200.csv,Расчет 5 200,04/02/2026 09:01:44,DP 0,0,1.05,1,1000,9.866879223893614e-07,8.502289077828646e-08,1073.15,1.4263289999999958e-12,-6.1458017378e-11,0.0,1.940631e-14,0.0,-6.001228206799999e-11,2.8132920000000003e-11,-3.187936206799999e-11,0.21,1073.1489,6.1435535e-11,-2.2482378e-14,1e-10,-3.076068e-15,1.05,6.0009206e-11,1.05,-1.2813292e-10,-7.9642126e-06,2.3705672,1073.1489,0.97,1073.149,1073.1489,-8.36242323e-06,0.21,0.97,0.03,0.21,0.97,0.03,1.0,8.0225827,131.4613
167,Расчет 5 200.csv,Расчет 5 200,04/02/2026 09:01:44,DP 1,1,1.03,1,1000,9.866879223893614e-07,8.502289077828646e-08,1072.85,0.0002388019799999,0.0005552553151,1.4399999999969992e-05,6.813895550000002e-07,1.399999999995849e-05,0.0008231386846549,0.0186329765,0.0194561151846549,0.20972839,1073.3875,-0.00055602863,-7.733149e-07,0.0004768375,-9.1925345e-08,1.0300004,-0.00079483061,1.0300144,-0.019109814,56.713659,2.3749521,1073.3574,0.96930988,1073.4008,1073.2444,58.415068770000005,0.20972839,0.96930988,0.030690117,0.20863002,0.96873877,0.031261227,0.9809523809523808,8.0181468,131.58716
168,Расчет 5 200.csv,Расчет 5 200,04/02/2026 09:01:44,DP 2,2,1.0,1,1000,9.866879223893614e-07,8.502289077828646e-08,1072.05,0.0007177397999999,0.0016760238252,4.350000000008514e-05,2.05503008e-06,4.240000000010902e-05,0.0024817186552801,0.0458767828,0.0483585014552801,0.20918031,1073.8401,-0.0016783561,-2.3322748e-06,0.0014403042,-2.7724472e-07,1.0000011,-0.0023960959,1.0000435,-0.047317087,171.03918,2.3830378,1073.7411,0.96791872,1073.8851,1073.3652,171.03918,0.20918031,0.96791872,0.032081278,0.20587663,0.96619802,0.033801981,0.9523809523809524,8.0164221,131.83562
169,Расчет 5 200.csv,Расчет 5 200,04/02/2026 09:01:44,DP 3,3,0.95,1,1000,9.866879223893614e-07,8.502289077828646e-08,1069.55,0.001997866,0.0047360900687,0.0001239299999999,5.79246569e-06,0.0001208999999999,0.0069845785343899,0.0883794946,0.0953640731343899,0.20768522,1075.4856,-0.004742664,-6.5739313e-06,0.0040796644,-7.8146561e-07,0.95000303,-0.00674053,0.95012393,-0.092459159,482.09866,2.4131113,1075.159,0.96413355,1075.6354,1073.9134,457.993727,0.20768522,0.96413355,0.035866448,0.19844055,0.95929775,0.04070225,0.9047619047619048,8.0142691,132.55341
170,Расчет 5 200.csv,Расчет 5 200,04/02/2026 09:01:44,DP 4,4,0.9,1,1000,9.866879223893614e-07,8.502289077828646e-08,1064.25,0.0041184659999999,0.010051293692,0.0002661199999999,1.22382391e-05,0.0002597199999999,0.0147078379310998,0.1254619715,0.1401698094310998,0.20509341,1078.7555,-0.010065183,-1.3889308e-05,0.0086969885,-1.6510689e-06,0.9000064,-0.014183649,0.90026612,-0.13415896,1018.5666,2.4734144,1077.9595,0.95760525,1079.1211,1074.9185,916.70994,0.20509341,0.95760525,0.04239475,0.18580618,0.94744303,0.052556964,0.8571428571428572,8.0129201,133.82302
171,Расчет 5 200.csv,Расчет 5 200,04/02/2026 09:01:44,DP 5,5,0.85,1,1000,9.866879223893614e-07,8.502289077828646e-08,1054.85,0.0071004409999999,0.018236831543,0.00049082,2.20470773e-05,0.0004792799999999,0.0263294196202999,0.15585705,0.1821864696202999,0.20111668,1084.6399,-0.018261853,-2.5021457e-05,0.01589866,-2.9743797e-06,0.85001154,-0.025362294,0.85049082,-0.17175571,1834.9318,2.5852764,1083.0113,0.94767041,1085.3899,1076.7761,1559.69203,0.20111668,0.94767041,0.052329584,0.16714313,0.92952,0.070479999,0.8095238095238095,8.0160068,135.82714
172,Расчет 5 200.csv,Расчет 5 200,04/02/2026 09:01:44,DP 6,6,0.8,1,1000,9.866879223893614e-07,8.502289077828646e-08,1039.85,0.0105941389999999,0.029195873129,0.0008047299999999,3.49638975e-05,0.00078643,0.0414161360264999,0.180109946,0.2215260820264999,0.19581887,1093.0286,-0.029235554,-3.9680871e-05,0.025701074,-4.7169735e-06,0.8000183,-0.039829693,0.80080473,-0.20581102,2909.9588,2.750019,1090.1374,0.93458712,1094.3675,1079.0329,2327.96704,0.19581887,0.93458712,0.065412873,0.14430184,0.9061422,0.093857799,0.7619047619047618,8.0231919,138.48251
173,Расчет 5 200.csv,Расчет 5 200,04/02/2026 09:01:44,DP 7,7,0.75,1,1000,9.866879223893614e-07,8.502289077828646e-08,1018.05,0.014145404,0.041977411079,0.00120253,4.9787197e-05,0.00117648,0.058551612276,0.2005872389999999,0.259138851276,0.18965209,1102.374,-0.042033915,-5.6503921e-05,0.037303871,-6.716724e-06,0.75002605,-0.056179319,0.75120253,-0.23789111,4143.6314,2.9374199,1097.8243,0.91957242,1104.5058,1080.2723,3107.72355,0.18965209,0.91957242,0.080427577,0.12306912,0.87963809,0.1203619,0.7142857142857143,8.0268247,141.41077
174,Расчет 5 200.csv,Расчет 5 200,04/02/2026 09:01:44,DP 8,8,0.7,5,200,9.866879223893616e-07,1.7004578155657293e-08,989.95,0.010196539,0.061903716962,0.00149437,5.97987371e-05,0.00146308,0.0751175046991001,0.21442031,0.2895378146991001,0.18543338,1167.6454,-0.061971583,-6.7866038e-05,0.05849025,-8.0673009e-06,0.70003129,-0.072168122,0.70149437,-0.27291056,4976.8757,4.906377,1162.2651,0.66720068,1170.6967,1143.4057,3483.8129899999994,0.18543338,0.66720068,0.33279932,0.11571651,0.62661394,0.37338606,0.6666666666666666,8.4513665,34.306408
175,Расчет 5 200.csv,Расчет 5 200,04/02/2026 09:01:44,DP 9,9,0.65,1,1000,9.866879223893614e-07,8.502289077828646e-08,956.45,0.020201045,0.069528860197,0.0022065799999999,8.1547638e-05,0.0021639099999999,0.0941819428349999,0.238440382,0.3326223248349998,0.17611646,1123.6833,-0.069621409,-9.2548803e-05,0.062841068,-1.1001165e-05,0.65004267,-0.089822454,0.65220658,-0.30128145,6786.7442,3.3901864,1114.8153,0.88740187,1127.9691,1080.2738,4411.3837300000005,0.17611646,0.88740187,0.11259813,0.099867307,0.82383114,0.17616885,0.619047619047619,8.0324919,147.54712
176,Расчет 5 200.csv,Расчет 5 200,04/02/2026 09:01:44,DP 10,10,0.6,1,1000,9.866879223893614e-07,8.502289077828646e-08,919.75,0.022038965,0.08468375682,0.0027908899999999,9.8834916e-05,0.0027391799999999,0.1123516267359999,0.255723158,0.3680747847359999,0.16855712,1139.8399,-0.084795925,-0.00011216818,0.077377262,-1.3333264e-05,0.60005171,-0.10683489,0.60279089,-0.33310042,8225.4401,3.7866533,1128.2908,0.86989034,1145.4799,1083.034,4935.26406,0.16855712,0.86989034,0.13010966,0.091278792,0.79427731,0.20572269,0.5714285714285714,8.0603982,151.35422
177,Расчет 5 200.csv,Расчет 5 200,04/02/2026 09:01:44,DP 11,11,0.55,1,1000,9.866879223893614e-07,8.502289077828646e-08,878.55,0.02306755,0.1006280242,0.0034196599999999,0.000116904803,0.0033584899999999,0.1305906290029999,0.272185285,0.4027759140029999,0.16050558,1159.0406,-0.1007607,-0.0001326758,0.092969395,-1.5770997e-05,0.55006117,-0.12382825,0.55341966,-0.36515468,9729.3445,4.3105961,1144.5051,0.85158559,1166.1952,1087.1186,5351.139475,0.16050558,0.85158559,0.14841441,0.083375628,0.76414632,0.23585368,0.5238095238095238,8.1071702,155.57449
178,Расчет 5 200.csv,Расчет 5 200,04/02/2026 09:01:44,DP 12,12,0.5,1,1000,9.866879223893614e-07,8.502289077828646e-08,831.65,0.0235242699999999,0.11713295349,0.00408609,0.0001355941689999,0.00401515,0.1488940576590001,0.2880511799999999,0.436945237659,0.152012,1180.0976,-0.11728684,-0.00015388651,0.10931285,-1.8292341e-05,0.50007094,-0.14081111,0.50408609,-0.39736403,11284.798,4.9487949,1162.2966,0.83265323,1188.9033,1091.4126,5642.399,0.152012,0.83265323,0.16734677,0.0758982,0.73381872,0.26618128,0.4761904761904761,8.1605446,160.04807
179,Расчет 5 200.csv,Расчет 5 200,04/02/2026 09:01:44,DP 13,13,0.4,1,1000,9.866879223893614e-07,8.502289077828646e-08,730.95,0.0219832199999999,0.15174501748,0.0054779199999999,0.000173558432,0.0053871099999999,0.1847668259119999,0.31893604,0.503702865912,0.1342191,1233.408,-0.15194199,-0.00019697252,0.14441493,-2.3414088e-05,0.40009081,-0.17392521,0.40547792,-0.46335097,14444.472,6.9393753,1208.6315,0.7941966,1245.7338,1107.7407,5777.7888,0.1342191,0.7941966,0.2058034,0.062068607,0.67575984,0.32424016,0.3809523809523809,8.3212237,170.53981
180,Расчет 5 200.csv,Расчет 5 200,04/02/2026 09:01:44,DP 14,14,0.3,1,1000,9.866879223893614e-07,8.502289077828646e-08,620.3499999999999,0.0189652899999999,0.18746140301,0.0068688199999999,0.000210455152,0.00675871,0.220264678162,0.34906313,0.569327808162,0.11619567,1295.9914,-0.18770025,-0.00023884699,0.18111924,-2.8391838e-05,0.30011011,-0.20666554,0.30686882,-0.53018237,17515.306,10.016718,1264.039,0.75682416,1311.9157,1130.3629,5254.5918,0.11619567,0.75682416,0.24317584,0.049615277,0.62400959,0.37599041,0.2857142857142857,8.5345906,182.27198
